バージョン,タイトル,NORMALDEZIST海外729 EXスコア,NORMALDEZIST海外729 DJName,NORMALDEZIST海外729 都道府県,HYPER!EKIPS海外1004 EXスコア,HYPER!EKIPS海外1004 DJName,HYPER!EKIPS海外1004 都道府県,ANOTHERRED*海外1109 EXスコア,ANOTHERRED*海外1109 DJName,ANOTHERRED*海外1109 都道府県
1st&substream,THE EARTH LIGHT,,,,,,,,,
1st&substream,RUGGED ASH,,,,,,,,,
1st&substream,R3,,,,,,,,,
1st&substream,PARANOIA MAX～DIRTY MIX～,,,,,,,,,
1st&substream,Macho Gang,,,,,,,,,
1st&substream,KEEP ON MOVIN',,,,,,,,,
1st&substream,GRADIUSIC CYBER,,,,,,,,,
1st&substream,GENOM SCREAMS,,,,,,,,,
1st&substream,GAMBOL,,,,,,,,,
1st&substream,Dr.LOVE,,,,,,,,,
1st&substream,deep in you,,,,,,,,,
1st&substream,BRILLIANT 2U,,,,,,,,,
1st&substream,5.1.1.,,,,,,,,,
1st&substream,22DUNK,,,,,,,,,
2nd style,SP-TRIP MACHINE(for beatmania II),,,,,,,,,
2nd style,PUT YOUR FAITH IN ME(for beatmania II),,,,,,,,,
2nd style,Indigo Vision(full flavour hide around mix),,,,,,,,,
2nd style,I Was The One,,,,,,,,,
2nd style,Electro Tuned(the SubS mix),,,,,,,,,
2nd style,Digital MinD(A/T Libra mix),,,,,,,,,
2nd style,Dancin' Into The Night,,,,,,,,,
2nd style,.59,,,,,,,,,
3rd style,THE SAFARI,,,,,,,,,
3rd style,Tangerine Stream,,,,,,,,,
3rd style,Skyscraper,,,,,,,,,
3rd style,Schlagwerk,,,,,,,,,
3rd style,REINCARNATION,,,,,,,,,
3rd style,R5,,,,,,,,,
3rd style,Presto,,,,,,,,,
3rd style,LEADING CYBER,,,,,,,,,
3rd style,Holic,,,,,,,,,
3rd style,era (nostalmix),,,,,,,,,
3rd style,Don't Stop!,,,,,,,,,
3rd style,CAN'T STOP FALLIN'IN LOVE,,,,,,,,,
4th style,Voltage (feat. Hidemaru),,,,,,,,,
4th style,ULTRA HIGH-HEELS,,,,,,,,,
4th style,SWEET LAB,,,,,,,,,
4th style,starmine,,,,,,,,,
4th style,Nasty!,,,,,,,,,
4th style,Mr.T.(take me higher),,,,,,,,,
4th style,minimalian,,,,,,,,,
4th style,LOVE WILL・・・,,,,,,,,,
4th style,KAMIKAZE,,,,,,,,,
4th style,Jam&Marmalade,,,,,,,,,
4th style,Hitch Hiker2,,,,,,,,,
4th style,HIGHER,,,,,,,,,
4th style,FLOWERS for ALBION,,,,,,,,,
4th style,era (step mix),,,,,,,,,
4th style,empathy,,,,,,,,,
4th style,DXY!,,,,,,,,,
4th style,Clione†,,,,,,,,,
4th style,Clione,,,,,,,,,
4th style,CHECKING YOU OUT,,,,,,,,,
4th style,Burnin' The Floor,,,,,,,,,
4th style,Broken My Heart,,,,,,,,,
4th style,B4U,,,,,,,,,
4th style,ABSOLUTE,,,,,,,,,
4th style,250bpm,,,,,,,,,
5th style,V,,,,,,,,,
5th style,THE SHINING POLARIS,,,,,,,,,
5th style,THE CUBE,,,,,,,,,
5th style,sync,,,,,,,,,
5th style,still my words,,,,,,,,,
5th style,STILL IN MY HEART,,,,,,,,,
5th style,Spin the disc,,,,,,,,,
5th style,RISLIM,,,,,,,,,
5th style,RIDE ON THE LIGHT (HI GREAT MIX) †,,,,,,,,,
5th style,RIDE ON THE LIGHT (HI GREAT MIX),,,,,,,,,
5th style,Regulus,,,,,,,,,
5th style,Real,,,,,,,,,
5th style,Radical Faith,,,,,,,,,
5th style,QQQ,,,,,,,,,
5th style,outer wall,,,,,,,,,
5th style,LOVE AGAIN TONIGHT～for Mellisa mix～,,,,,,,,,
5th style,Kiss me all night long,,,,,,,,,
5th style,in my eyes,,,,,,,,,
5th style,Abyss,,,,,,,,,
6th style,電人イェーガーのテーマ(Theme of DENJIN J),,,,,,,,,
6th style,こっちを向いてよ,,,,,,,,,
6th style,Take It Easy,,,,,,,,,
6th style,Summer Vacation(CU mix),,,,,,,,,
6th style,SOMETHING WONDERFUL,,,,,,,,,
6th style,route 80s,,,,,,,,,
6th style,rottel-da-sun,,,,,,,,,
6th style,NEMESIS,,,,,,,,,
6th style,Linus,,,,,,,,,
6th style,G2,,,,,,,,,
6th style,Frozen Ray (original mix),,,,,,,,,
6th style,Free Style,,,,,,,,,
6th style,fly through the night,,,,,,,,,
6th style,DIVE ～INTO YOUR HEART～,,,,,,,,,
6th style,Colors (radio edit),,,,,,,,,
6th style,Buffalo,,,,,,,,,
6th style,Blueberry Stream,,,,,,,,,
6th style,BALLAD FOR YOU～想いの雨～,,,,,,,,,
6th style,"19,November",,,,,,,,,
7th style,革命,,,,,,,,,
7th style,ZERO-ONE,,,,,,,,,
7th style,traces,,,,,,,,,
7th style,Tomorrow Perfume,,,,,,,,,
7th style,stoic,,,,,,,,,
7th style,Spica,,,,,,,,,
7th style,MAX 300,,,,,,,,,
7th style,Marmalade Reverie,,,,,,,,,
7th style,Love Me Do,,,,,,,,,
7th style,Let the Snow Paint Me,,,,,,,,,
7th style,Last Message,,,,,,,,,
7th style,Happy Wedding,,,,,,,,,
7th style,Glorious Days,,,,,,,,,
7th style,foreplay,,,,,,,,,
7th style,DESTINY,,,,,,,,,
7th style,D2R,,,,,,,,,
7th style,Cheer Train,,,,,,,,,
7th style,Burning Heat! (Full Option Mix),,,,,,,,,
7th style,Bad Routine,,,,,,,,,
7th style,AVE DE RAPINA,,,,,,,,,
7th style,A,,,,,,,,,
8th style,蒼い衝動,,,,,,,,,
8th style,桜,,,,,,,,,
8th style,合体せよ！ストロングイェーガー！！,,,,,,,,,
8th style,xenon,,,,,,,,,
8th style,World Wide Love,,,,,,,,,
8th style,WAR GAME,,,,,,,,,
8th style,thunder,,,,,,,,,
8th style,symbolic,,,,,,,,,
8th style,STAR DREAM,,,,,,,,,
8th style,rainbow flyer,,,,,,,,,
8th style,PLEASE DON'T GO,,,,,,,,,
8th style,MUSIC TO YOUR HEAD,,,,,,,,,
8th style,murmur twins,,,,,,,,,
8th style,Monkey Dance,,,,,,,,,
8th style,memories,,,,,,,,,
8th style,Luv 2 Feel Your Body,,,,,,,,,
8th style,LOVE IS ORANGE,,,,,,,,,
8th style,LAB,,,,,,,,,
8th style,Hormiga obrera,,,,,,,,,
8th style,Halfway of promise,,,,,,,,,
8th style,Giudecca,,,,,,,,,
8th style,dual control,,,,,,,,,
8th style,Colors -Y&Co. Eurobeat Remix-,,,,,,,,,
8th style,CELEBRATE NITE,,,,,,,,,
8th style,Blame,,,,,,,,,
8th style,bit mania,,,,,,,,,
8th style,Attitude,,,,,,,,,
8th style,ALL RIGHT,,,,,,,,,
8th style,airflow,,,,,,,,,
8th style,abstract,,,,,,,,,
9th style,真夏の花・真夏の夢,,,,,,,,,
9th style,ライオン好き,,,,,,,,,
9th style,SWEETEST SAVAGE,,,,,,,,,
9th style,Sweet Sweet Magic,,,,,,,,,
9th style,STAR FIELD,,,,,,,,,
9th style,SNOW,,,,,,,,,
9th style,Silvia Drive,,,,,,,,,
9th style,rottel-the-Mercury,,,,,,,,,
9th style,RISLIM -Remix-,,,,,,,,,
9th style,Really Love,,,,,,,,,
9th style,Quickening,,,,,,,,,
9th style,quasar,,,,,,,,,
9th style,POWER DREAM,,,,,,,,,
9th style,one or eight,,,,,,,,,
9th style,moon_child,,,,,,,,,
9th style,MARIA (I believe... ),,,,,,,,,
9th style,Make A Difference,,,,,,,,,
9th style,lower world,,,,,,,,,
9th style,LOVE SHINE,,,,,,,,,
9th style,lights,,,,,,,,,
9th style,Let The Snow Paint Me -Y&Co. Remix-,,,,,,,,,
9th style,Karma,,,,,,,,,
9th style,I Was The One (80's EUROBEAT STYLE),,,,,,,,,
9th style,HYPER EUROBEAT (2DX style),,,,,,,,,
9th style,Golden Horn,,,,,,,,,
9th style,ECHOES,,,,,,,,,
9th style,e-motion 2003 -romantic extra-,,,,,,,,,
9th style,Distress,,,,,,,,,
9th style,Cradle,,,,,,,,,
9th style,BRIGHTNESS DARKNESS,,,,,,,,,
9th style,bag,,,,,,,,,
9th style,BAD BOY BASS!! (dj Remo-con MIX),,,,,,,,,
9th style,ACT,,,,,,,,,
9th style,Abyss -The Heavens Remix-,,,,,,,,,
10th style,雪月花,,,,,,,,,
10th style,システムロマンス,,,,,,,,,
10th style,SPACE FIGHT,,,,,,,,,
10th style,SHOOTING STAR,,,,,,,,,
10th style,Rise'n Beauty,,,,,,,,,
10th style,Ready To Rockit Blues,,,,,,,,,
10th style,rainbow rainbow,,,,,,,,,
10th style,pandora,,,,,,,,,
10th style,One More Lovely,,,,,,,,,
10th style,No.13,,,,,,,,,
10th style,Narcissus At Oasis,,,,,,,,,
10th style,Lucy,,,,,,,,,
10th style,LOW,,,,,,,,,
10th style,Love Is Eternity,,,,,,,,,
10th style,Innocent Walls,,,,,,,,,
10th style,HIGH,,,,,,,,,
10th style,GRADIUS -FULL SPEED-,,,,,,,,,
10th style,GHOST REVIVAL,,,,,,,,,
10th style,Freezing atmosphere,,,,,,,,,
10th style,FEEL IT,,,,,,,,,
10th style,Feedback,,,,,,,,,
10th style,EXE,,,,,,,,,
10th style,DoLL,,,,,,,,,
10th style,desolation,,,,,,,,,
10th style,Debtty Daddy,,,,,,,,,
10th style,Daisuke,,,,,,,,,
10th style,CARRY ON NIGHT (English version),,,,,,,,,
10th style,Boundary,,,,,,,,,
10th style,Back Into The Light,,,,,,,,,
10th style,BABY LOVE,,,,,,,,,
10th style,ASTRAL VOYAGE,,,,,,,,,
10th style,ALIEN TEMPLE,,,,,,,,,
10th style,1st Samurai,,,,,,,,,
IIDX RED,ＵＬＴｉＭΛＴＥ,,,,,,,,,
IIDX RED,太陽～T・A・I・Y・O～,,,,,,,,,
IIDX RED,大桟橋,,,,,,,,,
IIDX RED,ピアノ協奏曲第１番”蠍火”,,,,,,,,,
IIDX RED,Wonder Bullfighter,,,,,,,,,
IIDX RED,The Hope of Tomorrow,,,,,,,,,
IIDX RED,spiral galaxy,,,,,,,,,
IIDX RED,Sphere,,,,,,,,,
IIDX RED,SPEEDY CAT,,,,,,,,,
IIDX RED,Secret of Love,,,,,,,,,
IIDX RED,RESONATE 1794,,,,,,,,,
IIDX RED,RED ZONE,,,,,,,,,
IIDX RED,Raspberry Heart(English version),,,,,,,,,
IIDX RED,NEBULA GRASPER,,,,,,,,,
IIDX RED,KEY,,,,,,,,,
IIDX RED,INJECTION OF LOVE,,,,,,,,,
IIDX RED,HORIZON,,,,,,,,,
IIDX RED,gigadelic,,,,,,,,,
IIDX RED,GENOCIDE,,,,,,,,,
IIDX RED,Fly Away To India,,,,,,,,,
IIDX RED,FAKE TIME,,,,,,,,,
IIDX RED,earth scape,,,,,,,,,
IIDX RED,Don't be afraid myself,,,,,,,,,
IIDX RED,D.A.N.C.E.!,,,,,,,,,
IIDX RED,Close my Eyes for Me,,,,,,,,,
IIDX RED,Click Again,,,,,,,,,
IIDX RED,BREATH,,,,,,,,,
IIDX RED,BLOCKS,,,,,,,,,
IIDX RED,Be quiet,,,,,,,,,
IIDX RED,awakening,,,,,,,,,
IIDX RED,ANDROMEDA,,,,,,,,,
IIDX RED,AGEHA,,,,,,,,,
IIDX RED,AA,,,,,,,,,
HAPPY SKY,月光,,,,,,,,,
HAPPY SKY,合体せよ！ストロングイェーガー！！ (Ryu☆ remix),,,,,,,,,
HAPPY SKY,冥,,,,,,,,,
HAPPY SKY,ラクエン,,,,,,,,,
HAPPY SKY,ヒマワリ,,,,,,,,,
HAPPY SKY,オレはビートマニア！お前は何マニア？,,,,,,,,,
HAPPY SKY,Xepher,,,,,,,,,
HAPPY SKY,We are Disっ娘よっつ打ち命,,,,,,,,,
HAPPY SKY,Votum stellarum,,,,,,,,,
HAPPY SKY,vault of heaven,,,,,,,,,
HAPPY SKY,Under the Sky,,,,,,,,,
HAPPY SKY,Twelfth Style,,,,,,,,,
HAPPY SKY,Tizona d'El Cid,,,,,,,,,
HAPPY SKY,SigSig,,,,,,,,,
HAPPY SKY,Scripted Connection⇒ N mix,,,,,,,,,
HAPPY SKY,Scripted Connection⇒ H mix,,,,,,,,,
HAPPY SKY,Scripted Connection⇒ A mix,,,,,,,,,
HAPPY SKY,SCREAM SQUAD,,,,,,,,,
HAPPY SKY,rage against usual,,,,,,,,,
HAPPY SKY,POODLE,,,,,,,,,
HAPPY SKY,Pollinosis,,,,,,,,,
HAPPY SKY,PLASMA,,,,,,,,,
HAPPY SKY,Pink Rose,,,,,,,,,
HAPPY SKY,MOON RACE,,,,,,,,,
HAPPY SKY,Love Magic,,,,,,,,,
HAPPY SKY,Little Little Princess,,,,,,,,,
HAPPY SKY,LESSON 5,,,,,,,,,
HAPPY SKY,INAZUMA,,,,,,,,,
HAPPY SKY,in motion,,,,,,,,,
HAPPY SKY,I am,,,,,,,,,
HAPPY SKY,HAPPY☆ANGEL,,,,,,,,,
HAPPY SKY,Get'em up to R.A.V.E,,,,,,,,,
HAPPY SKY,garden,,,,,,,,,
HAPPY SKY,First Resolution,,,,,,,,,
HAPPY SKY,EMPTY OF THE SKY,,,,,,,,,
HAPPY SKY,EDEN,,,,,,,,,
HAPPY SKY,double thrash,,,,,,,,,
HAPPY SKY,Catch Me,,,,,,,,,
HAPPY SKY,CaptivAte～浄化～,,,,,,,,,
HAPPY SKY,Aurora,,,,,,,,,
HAPPY SKY,alla turca con passione,,,,,,,,,
HAPPY SKY,Agnus Dei,,,,,,,,,
HAPPY SKY,100％ minimoo-G,,,,,,,,,
DistorteD,虹色,,,,,,,,,
DistorteD,華蝶風雪,,,,,,,,,
DistorteD,罠,,,,,,,,,
DistorteD,嘆きの樹,,,,,,,,,
DistorteD,タシカナモノ,,,,,,,,,
DistorteD,カゴノトリ～弐式～,,,,,,,,,
DistorteD,Zenius -I- vanisher,,,,,,,,,
DistorteD,with you…,,,,,,,,,
DistorteD,WISH(EUROBEAT MIX),,,,,,,,,
DistorteD,Why did you go away,,,,,,,,,
DistorteD,waxing and wanding,,,,,,,,,
DistorteD,TYPE MARS(G-Style Mix),,,,,,,,,
DistorteD,tripping contact(teranoid&MC Natsack Remix),,,,,,,,,
DistorteD,tripping contact,,,,,,,,,
DistorteD,This is Love,,,,,,,,,
DistorteD,The Dirty of Loudness,,,,,,,,,
DistorteD,Sun Field,,,,,,,,,
DistorteD,So Fabulous !!,,,,,,,,,
DistorteD,Power of Love,,,,,,,,,
DistorteD,MOON,,,,,,,,,
DistorteD,MINT,,,,,,,,,
DistorteD,Melody Life,,,,,,,,,
DistorteD,Leaving...,,,,,,,,,
DistorteD,INFERNO,,,,,,,,,
DistorteD,Heavenly Sun (IIDX VERSION),,,,,,,,,
DistorteD,Harmony and Lovely,,,,,,,,,
DistorteD,Ganymede,,,,,,,,,
DistorteD,EURO-ROMANCE,,,,,,,,,
DistorteD,Double Loving Heart,,,,,,,,,
DistorteD,D.C.fish,,,,,,,,,
DistorteD,Crazy K.I.N.O.,,,,,,,,,
DistorteD,CONTRACT,,,,,,,,,
DistorteD,Concertino in Blue,,,,,,,,,
DistorteD,Broadbanded,,,,,,,,,
DistorteD,BOOM BOOM DISCO NIGHT,,,,,,,,,
DistorteD,Bloody Tears(IIDX EDITION),,,,,,,,,
DistorteD,BALLAD THE FEATHERS,,,,,,,,,
DistorteD,Apocalypse ～dirge of swans～,,,,,,,,,
DistorteD,ALFARSHEAR 双神威に廻る夢,,,,,,,,,
GOLD,電人、暁に斃れる。,,,,,,,,,
GOLD,零 - ZERO -,,,,,,,,,
GOLD,花吹雪 ～ IIDX LIMITED ～,,,,,,,,,
GOLD,星をこの手に,,,,,,,,,
GOLD,リグレット,,,,,,,,,
GOLD,ヨシダさん,,,,,,,,,
GOLD,クルクル☆ラブ～Opioid Peptide MIX～,,,,,,,,,
GOLD,X-rated,,,,,,,,,
GOLD,With your Smile,,,,,,,,,
GOLD,Watch out!!,,,,,,,,,
GOLD,VANESSA†,,,,,,,,,
GOLD,VANESSA,,,,,,,,,
GOLD,TRANOID,,,,,,,,,
GOLD,The Smile of You,,,,,,,,,
GOLD,the shadow,,,,,,,,,
GOLD,snow storm,,,,,,,,,
GOLD,smile,,,,,,,,,
GOLD,Sense 2007,,,,,,,,,
GOLD,Second Heaven,,,,,,,,,
GOLD,Roulette,,,,,,,,,
GOLD,PHOTONGENIC,,,,,,,,,
GOLD,never…,,,,,,,,,
GOLD,METALLIC MIND,,,,,,,,,
GOLD,Make Me Your Own,,,,,,,,,
GOLD,Love Again...,,,,,,,,,
GOLD,LASER CRUSTER,,,,,,,,,
GOLD,KAMAITACHI†,,,,,,,,,
GOLD,KAMAITACHI,,,,,,,,,
GOLD,INORI,,,,,,,,,
GOLD,High School Love,,,,,,,,,
GOLD,heaven above,,,,,,,,,
GOLD,GRID KNIGHT,,,,,,,,,
GOLD,GOLD RUSH,,,,,,,,,
GOLD,four-leaf,,,,,,,,,
GOLD,FIRE FIRE,,,,,,,,,
GOLD,Fascination MAXX,,,,,,,,,
GOLD,Cyber Force,,,,,,,,,
GOLD,CROSSROAD ～Left Story～,,,,,,,,,
GOLD,CaptivAte～誓い～,,,,,,,,,
GOLD,CaptivAte～裁き～,,,,,,,,,
GOLD,Candy Galy,,,,,,,,,
GOLD,"Blind Justice ～Torn souls, Hurt Faiths ～",,,,,,,,,
GOLD,ANDROMEDA II,,,,,,,,,
GOLD,Air Bell,,,,,,,,,
DJ TROOPERS,高高度降下低高度開傘,,,,,,,,,
DJ TROOPERS,走馬灯 -The Last Song-,,,,,,,,,
DJ TROOPERS,華爛漫 -Flowers-,,,,,,,,,
DJ TROOPERS,少年A,,,,,,,,,
DJ TROOPERS,ミラージュ・レジデンス,,,,,,,,,
DJ TROOPERS,マチ子の唄,,,,,,,,,
DJ TROOPERS,エコ爺,,,,,,,,,
DJ TROOPERS,Wanna Party?,,,,,,,,,
DJ TROOPERS,Ubertreffen,,,,,,,,,
DJ TROOPERS,TROOPERS,,,,,,,,,
DJ TROOPERS,Time to Air,,,,,,,,,
DJ TROOPERS,the trigger of innocence,,,,,,,,,
DJ TROOPERS,THE DEEP STRIKER†,,,,,,,,,
DJ TROOPERS,THE DEEP STRIKER,,,,,,,,,
DJ TROOPERS,switch,,,,,,,,,
DJ TROOPERS,STEEL NEEDLE,,,,,,,,,
DJ TROOPERS,State Of The Art,,,,,,,,,
DJ TROOPERS,SOUND OF GIALLARHORN,,,,,,,,,
DJ TROOPERS,scar in the earth,,,,,,,,,
DJ TROOPERS,satfinal,,,,,,,,,
DJ TROOPERS,"satellite020712 from ""CODED ARMS""",,,,,,,,,
DJ TROOPERS,Ristaccia,,,,,,,,,
DJ TROOPERS,REMINISCENCE,,,,,,,,,
DJ TROOPERS,PROMISE FOR LIFE,,,,,,,,,
DJ TROOPERS,PARANOiA ～HADES～,,,,,,,,,
DJ TROOPERS,oratio,,,,,,,,,
DJ TROOPERS,NEW GENERATION -もう、お前しか見えない-,,,,,,,,,
DJ TROOPERS,MENTAL MELTDOWN,,,,,,,,,
DJ TROOPERS,MENDES,,,,,,,,,
DJ TROOPERS,MAX LOVE,,,,,,,,,
DJ TROOPERS,LOVELY STORM,,,,,,,,,
DJ TROOPERS,Kick Out 仮面,,,,,,,,,
DJ TROOPERS,in the Sky,,,,,,,,,
DJ TROOPERS,ICARUS†,,,,,,,,,
DJ TROOPERS,ICARUS,,,,,,,,,
DJ TROOPERS,Freeway Shuffle,,,,,,,,,
DJ TROOPERS,four pieces of heaven,,,,,,,,,
DJ TROOPERS,evergreen,,,,,,,,,
DJ TROOPERS,end of world,,,,,,,,,
DJ TROOPERS,Do it!! Do it!!,,,,,,,,,
DJ TROOPERS,Digitank System,,,,,,,,,
DJ TROOPERS,Dazzlin' Darlin,,,,,,,,,
DJ TROOPERS,Darling my LUV,,,,,,,,,
DJ TROOPERS,Blue Rain,,,,,,,,,
DJ TROOPERS,beatonic nation,,,,,,,,,
DJ TROOPERS,Be OK,,,,,,,,,
DJ TROOPERS,avant-guerre,,,,,,,,,
DJ TROOPERS,"Anisakis -somatic mutation type""Forza""-",,,,,,,,,
DJ TROOPERS,2 tribe 4 K,,,,,,,,,
EMPRESS,鉄甲乙女-under the steel-,,,,,,,,,
EMPRESS,翼,,,,,,,,,
EMPRESS,山岡晃の「クイズ！家事都合！」,,,,,,,,,
EMPRESS,天空脳番長危機十六連打,,,,,,,,,
EMPRESS,卑弥呼,,,,,,,,,
EMPRESS,凛として咲く花の如く†,,,,,,,,,
EMPRESS,凛として咲く花の如く,,,,,,,,,
EMPRESS,不沈艦CANDY,,,,,,,,,
EMPRESS,ミッドナイト堕天使,,,,,,,,,
EMPRESS,まほろば,,,,,,,,,
EMPRESS,"You'll say ""Now!""",,,,,,,,,
EMPRESS,V2,,,,,,,,,
EMPRESS,Turii ～Panta rhei～,,,,,,,,,
EMPRESS,THANK YOU FOR PLAYING†,,,,,,,,,
EMPRESS,THANK YOU FOR PLAYING,,,,,,,,,
EMPRESS,SOLITON BEAM,,,,,,,,,
EMPRESS,smooooch・∀・,,,,,,,,,
EMPRESS,Secrets,,,,,,,,,
EMPRESS,Queen's Tragedy,,,,,,,,,
EMPRESS,Punch Love 仮面,,,,,,,,,
EMPRESS,Programmed World,,,,,,,,,
EMPRESS,NΦ CRIME,,,,,,,,,
EMPRESS,neogenesis,,,,,,,,,
EMPRESS,naughty girl@Queen's Palace†,,,,,,,,,
EMPRESS,naughty girl@Queen's Palace,,,,,,,,,
EMPRESS,MY FUTURE,,,,,,,,,
EMPRESS,Monkey Dance '09,,,,,,,,,
EMPRESS,Mind Mapping,,,,,,,,,
EMPRESS,Kung-fu Empire,,,,,,,,,
EMPRESS,Just a Little Smile,,,,,,,,,
EMPRESS,Jack,,,,,,,,,
EMPRESS,I'm Screaming LOVE,,,,,,,,,
EMPRESS,HYPERION,,,,,,,,,
EMPRESS,Go Beyond!!,,,,,,,,,
EMPRESS,Fly Above,,,,,,,,,
EMPRESS,Flash Back 90's,,,,,,,,,
EMPRESS,Cyber Force -DJ Yoshitaka Remix-,,,,,,,,,
EMPRESS,Colorful Cookie,,,,,,,,,
EMPRESS,CaptivAte2～覚醒～,,,,,,,,,
EMPRESS,BRIDAL FESTIVAL !!!,,,,,,,,,
EMPRESS,BITTER CHOCOLATE STRIKER,,,,,,,,,
EMPRESS,Bahram Attack-猫叉Master Remix-,,,,,,,,,
EMPRESS,B4U(BEMANI FOR YOU MIX),,,,,,,,,
EMPRESS,Arabian Rave Night,,,,,,,,,
EMPRESS,ALL MY TURN -このターンに、オレの全てを賭ける-,,,,,,,,,
EMPRESS,ALL I NEED YOUR LOVE,,,,,,,,,
EMPRESS,3y3s,,,,,,,,,
SIRIUS,"水上の提督(Short mix from ""幻想水滸伝V"")",,,,,,,,,
SIRIUS,未来のプリズム,,,,,,,,,
SIRIUS,ワルツ第17番 ト短調”大犬のワルツ”,,,,,,,,,
SIRIUS,バビロニア,,,,,,,,,
SIRIUS,サヨナラ・ヘヴン,,,,,,,,,
SIRIUS,コスモス,,,,,,,,,
SIRIUS,たからもの,,,,,,,,,
SIRIUS,かずあそび,,,,,,,,,
SIRIUS,The Story Begins,,,,,,,,,
SIRIUS,THE LAST STRIKER,,,,,,,,,
SIRIUS,Special One,,,,,,,,,
SIRIUS,Sorrows,,,,,,,,,
SIRIUS,SOLID STATE SQUAD†,,,,,,,,,
SIRIUS,SOLID STATE SQUAD,,,,,,,,,
SIRIUS,She is my wife,,,,,,,,,
SIRIUS,Session 1 -Genesis-,,,,,,,,,
SIRIUS,Roots of my way!,,,,,,,,,
SIRIUS,Red. by Full Metal Jacket,,,,,,,,,
SIRIUS,Raison d'etre～交差する宿命～,,,,,,,,,
SIRIUS,quell～the seventh slave～,,,,,,,,,
SIRIUS,Programmed Sun,,,,,,,,,
SIRIUS,NoN-Fiction Story!,,,,,,,,,
SIRIUS,NEW SENSATION -もう、あなたしか見えない-,,,,,,,,,
SIRIUS,mosaic,,,,,,,,,
SIRIUS,MIRACLE MEETS,,,,,,,,,
SIRIUS,Light Shine,,,,,,,,,
SIRIUS,Last Burning,,,,,,,,,
SIRIUS,Keep it-秋葉工房mix-,,,,,,,,,
SIRIUS,IN THE NAME OF LOVE,,,,,,,,,
SIRIUS,Hydrogen Blueback,,,,,,,,,
SIRIUS,GOLDEN CROSS,,,,,,,,,
SIRIUS,GALGALIM,,,,,,,,,
SIRIUS,G59,,,,,,,,,
SIRIUS,EXUSIA,,,,,,,,,
SIRIUS,Evans,,,,,,,,,
SIRIUS,eRAseRmOToRpHAntOM,,,,,,,,,
SIRIUS,Empire State Glory,,,,,,,,,
SIRIUS,Elisha,,,,,,,,,
SIRIUS,DROP,,,,,,,,,
SIRIUS,DOMINION,,,,,,,,,
SIRIUS,DESIRE,,,,,,,,,
SIRIUS,Dazzlin' Darlin-秋葉工房mix-,,,,,,,,,
SIRIUS,DAWN -THE NEXT ENDEAVOUR-,,,,,,,,,
SIRIUS,D,,,,,,,,,
SIRIUS,CaptivAte～裁き～(SUBLIME TECHNO MIX),,,,,,,,,
SIRIUS,Brazilian Fire,,,,,,,,,
SIRIUS,bloomin' feeling,,,,,,,,,
SIRIUS,being torn the sky,,,,,,,,,
SIRIUS,BEAUTIFUL ANGEL,,,,,,,,,
SIRIUS,beatchic☆仮面～好き、でいさせて～,,,,,,,,,
SIRIUS,bass 2 bass,,,,,,,,,
SIRIUS,Bad Maniacs,,,,,,,,,
SIRIUS,Almagest (HCN Ver.),,,,,,,,,
SIRIUS,Almagest,,,,,,,,,
SIRIUS,AIR RAID FROM THA UNDAGROUND,,,,,,,,,
Resort Anthem,黒髪乱れし修羅となりて,,,,,,,,,
Resort Anthem,灼熱Beach Side Bunny,,,,,,,,,
Resort Anthem,旅人リラン,,,,,,,,,
Resort Anthem,夕焼け ～Fading Day～,,,,,,,,,
Resort Anthem,中華急行,,,,,,,,,
Resort Anthem,かげぬい ～ Ver.BENIBOTAN ～,,,,,,,,,
Resort Anthem,おおきなこえで,,,,,,,,,
Resort Anthem,ZETA～素数の世界と超越者～,,,,,,,,,
Resort Anthem,XANADU OF TWO,,,,,,,,,
Resort Anthem,Wuv U,,,,,,,,,
Resort Anthem,WISE UP!,,,,,,,,,
Resort Anthem,WE LOVE SHONAN,,,,,,,,,
Resort Anthem,Watch Out Pt.2,,,,,,,,,
Resort Anthem,Vermillion,,,,,,,,,
Resort Anthem,Tropical April,,,,,,,,,
Resort Anthem,THE FALLEN,,,,,,,,,
Resort Anthem,THE DOOR INTO RAINBOW,,,,,,,,,
Resort Anthem,THE BLACK KNIGHT,,,,,,,,,
Resort Anthem,Survival Games,,,,,,,,,
Resort Anthem,STELLAR WIND,,,,,,,,,
Resort Anthem,Stay my side,,,,,,,,,
Resort Anthem,SPECIAL SUMMER CAMPAIGN!,,,,,,,,,
Resort Anthem,Space Time,,,,,,,,,
Resort Anthem,Session 9 -Chronicles-,,,,,,,,,
Resort Anthem,sakura storm,,,,,,,,,
Resort Anthem,Sakura Reflection,,,,,,,,,
Resort Anthem,SABER WING,,,,,,,,,
Resort Anthem,Rock Da House,,,,,,,,,
Resort Anthem,reunion,,,,,,,,,
Resort Anthem,Programmed Sun (xac Antarctic Ocean mix),,,,,,,,,
Resort Anthem,Programmed Life,,,,,,,,,
Resort Anthem,perditus†paradisus,,,,,,,,,
Resort Anthem,passionate fate,,,,,,,,,
Resort Anthem,PARADISE LOST,,,,,,,,,
Resort Anthem,Never Fade Away,,,,,,,,,
Resort Anthem,Mermaid girl,,,,,,,,,
Resort Anthem,Medicine of love,,,,,,,,,
Resort Anthem,Love km,,,,,,,,,
Resort Anthem,Let The Track Flow,,,,,,,,,
Resort Anthem,Kailua (HCN Ver.),,,,,,,,,
Resort Anthem,Kailua,,,,,,,,,
Resort Anthem,I FIGHT ME,,,,,,,,,
Resort Anthem,Golden Palms†,,,,,,,,,
Resort Anthem,Golden Palms,,,,,,,,,
Resort Anthem,Fantasia,,,,,,,,,
Resort Anthem,Everlasting Resort,,,,,,,,,
Resort Anthem,Eternal Tears,,,,,,,,,
Resort Anthem,Energy Drive,,,,,,,,,
Resort Anthem,ELECTRIC MASSIVE DIVER,,,,,,,,,
Resort Anthem,DM STAR～関西 energy style～,,,,,,,,,
Resort Anthem,Destiny Sword,,,,,,,,,
Resort Anthem,DAYDREAMER,,,,,,,,,
Resort Anthem,Dances with Snow Fairies,,,,,,,,,
Resort Anthem,BROKEN EDEN,,,,,,,,,
Resort Anthem,Broken,,,,,,,,,
Resort Anthem,Breaking the ground,,,,,,,,,
Resort Anthem,Bounce Bounce Bounce,,,,,,,,,
Resort Anthem,BLUST OF WIND,,,,,,,,,
Resort Anthem,Believe In Me,,,,,,,,,
Resort Anthem,ANTHEM LANDING,,,,,,,,,
Resort Anthem,Answer,,,,,,,,,
Resort Anthem,ALBIDA,,,,,,,,,
Resort Anthem,Aegis,,,,,,,,,
Lincle,陽炎,,,,,,,,,
Lincle,衰色小町メランコリア,,,,,,,,,
Lincle,蛇神,,,,,,,,,
Lincle,聖人の塔,,,,,,,,,
Lincle,突撃!ガラスのニーソ姫!,,,,,,,,,
Lincle,恋する☆宇宙戦争っ！！,,,,,,,,,
Lincle,子供の落書き帳,,,,,,,,,
Lincle,天空の夜明け,,,,,,,,,
Lincle,君のハートにロックオン,,,,,,,,,
Lincle,ユミル,,,,,,,,,
Lincle,ビューティフルレシート,,,,,,,,,
Lincle,Yellow Sunrise,,,,,,,,,
Lincle,yellow head joe,,,,,,,,,
Lincle,YAKSHA,,,,,,,,,
Lincle,WONDER WALKER,,,,,,,,,
Lincle,Voxane,,,,,,,,,
Lincle,Todestrieb,,,,,,,,,
Lincle,TITANS RETURN,,,,,,,,,
Lincle,Thunderbolt,,,,,,,,,
Lincle,The Sampling Paradise,,,,,,,,,
Lincle,The Limbo,,,,,,,,,
Lincle,Star Trail,,,,,,,,,
Lincle,Snow Goose,,,,,,,,,
Lincle,Snake Stick,,,,,,,,,
Lincle,SHADE,,,,,,,,,
Lincle,Several Words,,,,,,,,,
Lincle,Scharfrichter,,,,,,,,,
Lincle,SA.YO.NA.RA. SUPER STAR,,,,,,,,,
Lincle,Round and Round,,,,,,,,,
Lincle,RESISTANCE,,,,,,,,,
Lincle,Release The Music,,,,,,,,,
Lincle,Quick Silver,,,,,,,,,
Lincle,quaver♪,,,,,,,,,
Lincle,QUANTUM TELEPORTATION,,,,,,,,,
Lincle,prompt,,,,,,,,,
Lincle,Phoenix,,,,,,,,,
Lincle,NNRT,,,,,,,,,
Lincle,Miami Sunset Drive,,,,,,,,,
Lincle,Mermaid girl-秋葉工房 MIX-,,,,,,,,,
Lincle,Lucky Days,,,,,,,,,
Lincle,LOVE B.B.B,,,,,,,,,
Lincle,Liquid Crystal Girl feat. echo,,,,,,,,,
Lincle,LETHEBOLG ～双神威に斬り咲けり～,,,,,,,,,
Lincle,LAX5 feat.Ryota Yoshinari,,,,,,,,,
Lincle,Infinite cave,,,,,,,,,
Lincle,In the Blackest Den,,,,,,,,,
Lincle,I'm so Happy,,,,,,,,,
Lincle,HAERETICUS,,,,,,,,,
Lincle,Follow Tomorrow,,,,,,,,,
Lincle,Flip Flap,,,,,,,,,
Lincle,fffff,,,,,,,,,
Lincle,Far east nightbird,,,,,,,,,
Lincle,F,,,,,,,,,
Lincle,Express Emotion,,,,,,,,,
Lincle,Drive Me Crazy,,,,,,,,,
Lincle,DIAVOLO,,,,,,,,,
Lincle,Change the World,,,,,,,,,
Lincle,Castle on the Moon,,,,,,,,,
Lincle,CALL,,,,,,,,,
Lincle,BLACK.by X-Cross Fade,,,,,,,,,
Lincle,ANAGRAMS I to Y,,,,,,,,,
Lincle,Almace,,,,,,,,,
Lincle,A MINSTREL ～ ver. short-scape ～,,,,,,,,,
Lincle,532nm,,,,,,,,,
Lincle,24th Century BOY,,,,,,,,,
tricoro,龍と少女とデコヒーレンス,,,,,,,,,
tricoro,音楽,,,,,,,,,
tricoro,狂イ咲ケ焔ノ華,,,,,,,,,
tricoro,梅雪夜,,,,,,,,,
tricoro,朧†,,,,,,,,,
tricoro,朧,,,,,,,,,
tricoro,即席！脳直★ミュージックシステム,,,,,,,,,
tricoro,創世ノート,,,,,,,,,
tricoro,仮想空間の旅人たち†,,,,,,,,,
tricoro,仮想空間の旅人たち,,,,,,,,,
tricoro,下弦の月,,,,,,,,,
tricoro,ラキラキ,,,,,,,,,
tricoro,メイメツ、フラグメンツ,,,,,,,,,
tricoro,トリカゴノ鳳凰,,,,,,,,,
tricoro,シュレーディンガーの猫,,,,,,,,,
tricoro,キャトられ恋はモ～モク,,,,,,,,,
tricoro,カジノファイヤーことみちゃん,,,,,,,,,
tricoro,アストライアの双皿,,,,,,,,,
tricoro,たまゆら,,,,,,,,,
tricoro,お米の美味しい炊き方、そしてお米を食べることによるその効果。,,,,,,,,,
tricoro,†渚の小悪魔ラヴリィ～レイディオ†(IIDX EDIT),,,,,,,,,
tricoro,ΕΛΠΙΣ,,,,,,,,,
tricoro,Zirkfied,,,,,,,,,
tricoro,ZED,,,,,,,,,
tricoro,YELLOW FROG from Steel Chronicle,,,,,,,,,
tricoro,VEGA,,,,,,,,,
tricoro,VALLIS-NERIA,,,,,,,,,
tricoro,Valanga,,,,,,,,,
tricoro,True Blue,,,,,,,,,
tricoro,To my star,,,,,,,,,
tricoro,Timepiece phase II (CN Ver.),,,,,,,,,
tricoro,Timepiece phase II,,,,,,,,,
tricoro,Time To Empress,,,,,,,,,
tricoro,Thor's Hammer,,,,,,,,,
tricoro,Take My Life,,,,,,,,,
tricoro,Synergy For Angels,,,,,,,,,
tricoro,SYNC-ANTHEM,,,,,,,,,
tricoro,STULTI,,,,,,,,,
tricoro,Spinning Around,,,,,,,,,
tricoro,Sol Cosine Job 2,,,,,,,,,
tricoro,SHION,,,,,,,,,
tricoro,Shining World,,,,,,,,,
tricoro,Saturn,,,,,,,,,
tricoro,S!ck,,,,,,,,,
tricoro,rumrum triplets,,,,,,,,,
tricoro,Re:GENERATION,,,,,,,,,
tricoro,Rainbow after snow,,,,,,,,,
tricoro,Proof of the existence,,,,,,,,,
tricoro,Praludium,,,,,,,,,
tricoro,POINT ZERO,,,,,,,,,
tricoro,planarian,,,,,,,,,
tricoro,Plan 8,,,,,,,,,
tricoro,New Lights,,,,,,,,,
tricoro,New Decade IIDX Edition,,,,,,,,,
tricoro,neu,,,,,,,,,
tricoro,Neonlights,,,,,,,,,
tricoro,mnemoniq,,,,,,,,,
tricoro,LUV CAN SAVE U†,,,,,,,,,
tricoro,LUV CAN SAVE U,,,,,,,,,
tricoro,Little Star,,,,,,,,,
tricoro,Light and Cyber…,,,,,,,,,
tricoro,Liberation,,,,,,,,,
tricoro,JOMANDA,,,,,,,,,
tricoro,In Heaven,,,,,,,,,
tricoro,Illegal Function Call,,,,,,,,,
tricoro,ILIAS,,,,,,,,,
tricoro,I know You know,,,,,,,,,
tricoro,Howling,,,,,,,,,
tricoro,Hollywood Galaxy,,,,,,,,,
tricoro,GRADIUS 2012,,,,,,,,,
tricoro,GAIA,,,,,,,,,
tricoro,Fly you to the star,,,,,,,,,
tricoro,FLOWER,,,,,,,,,
tricoro,examination leave,,,,,,,,,
tricoro,Elemental Creation,,,,,,,,,
tricoro,Echo Of Forever,,,,,,,,,
tricoro,Devilz Staircase,,,,,,,,,
tricoro,DAY DREAM,,,,,,,,,
tricoro,Cookie Bouquets,,,,,,,,,
tricoro,connective,,,,,,,,,
tricoro,Confiserie,,,,,,,,,
tricoro,CONCEPTUAL,,,,,,,,,
tricoro,BRAVE GLOW,,,,,,,,,
tricoro,BLUE STRAGGLER,,,,,,,,,
tricoro,Beastie Starter,,,,,,,,,
tricoro,Ascalon,,,,,,,,,
tricoro,8bit Princess,,,,,,,,,
tricoro,405nm (Ryu☆mix),,,,,,,,,
SPADA,轟け！恋のビーンボール！！,,,,,,,,,
SPADA,超!!遠距離らぶメ～ル,,,,,,,,,
SPADA,罪と罰,,,,,,,,,
SPADA,疾風迅雷†LEGGENDARIA,,,,,,,,,
SPADA,疾風迅雷,,,,,,,,,
SPADA,牧神笛吹きて,,,,,,,,,
SPADA,煉獄のエルフェリア,,,,,,,,,
SPADA,海神,,,,,,,,,
SPADA,旋律のドグマ～Miserables～,,,,,,,,,
SPADA,御千手メディテーション,,,,,,,,,
SPADA,廿†,,,,,,,,,
SPADA,廿,,,,,,,,,
SPADA,幻想系世界修復少女,,,,,,,,,
SPADA,バンブーソード・ガール,,,,,,,,,
SPADA,デッドボヲルdeホームラン,,,,,,,,,
SPADA,アルストロメリア,,,,,,,,,
SPADA,お願いアインシュタイン,,,,,,,,,
SPADA,Wonder Girl feat. Kanae Asaba,,,,,,,,,
SPADA,VOX UP,,,,,,,,,
SPADA,Verflucht†LEGGENDARIA,,,,,,,,,
SPADA,Verflucht,,,,,,,,,
SPADA,Valgus,,,,,,,,,
SPADA,Unicorn tail,,,,,,,,,
SPADA,THE DETONATOR,,,,,,,,,
SPADA,Squeeze,,,,,,,,,
SPADA,Smug Face -どうだ、オレの生き様は- (ONLY ONE EDITION),,,,,,,,,
SPADA,Sigmund†LEGGENDARIA,,,,,,,,,
SPADA,Sigmund,,,,,,,,,
SPADA,SCHWARZSCHILD FIELD,,,,,,,,,
SPADA,RIZING YOU UP,,,,,,,,,
SPADA,RISE,,,,,,,,,
SPADA,refractive index,,,,,,,,,
SPADA,Recollection,,,,,,,,,
SPADA,rainbow guitar weeps,,,,,,,,,
SPADA,ra'am,,,,,,,,,
SPADA,PUNISHER,,,,,,,,,
SPADA,Pharaoh,,,,,,,,,
SPADA,Overload Frontier,,,,,,,,,
SPADA,Odin,,,,,,,,,
SPADA,NPC World,,,,,,,,,
SPADA,Miracle 5ympho X,,,,,,,,,
SPADA,MAGIC & LOVE,,,,,,,,,
SPADA,MAD ATTACK,,,,,,,,,
SPADA,m1dy Deluxe,,,,,,,,,
SPADA,M.D.Injection,,,,,,,,,
SPADA,Lighting Shower,,,,,,,,,
SPADA,Last Dance,,,,,,,,,
SPADA,LA FESTA LA VITA!!,,,,,,,,,
SPADA,KHAMEN BREAK,,,,,,,,,
SPADA,KAISER PHOENIX,,,,,,,,,
SPADA,IX,,,,,,,,,
SPADA,invoker†LEGGENDARIA,,,,,,,,,
SPADA,invoker,,,,,,,,,
SPADA,into the battlefield,,,,,,,,,
SPADA,INSOMNIA,,,,,,,,,
SPADA,Insane Techniques,,,,,,,,,
SPADA,Immortal,,,,,,,,,
SPADA,Idola,,,,,,,,,
SPADA,I will be back -オレは帰ってきた-,,,,,,,,,
SPADA,Hypersonik,,,,,,,,,
SPADA,HYENA,,,,,,,,,
SPADA,Funny shuffle,,,,,,,,,
SPADA,Feel The Beat†LEGGENDARIA,,,,,,,,,
SPADA,Feel The Beat,,,,,,,,,
SPADA,EXTREME MACH COLLIDER,,,,,,,,,
SPADA,esrev:eR,,,,,,,,,
SPADA,Engraved Mark,,,,,,,,,
SPADA,Element of SPADA,,,,,,,,,
SPADA,Elektrick U-Phoria,,,,,,,,,
SPADA,diagram,,,,,,,,,
SPADA,Devilz Sacrifice -贖罪の羊-,,,,,,,,,
SPADA,DARK LEGACY,,,,,,,,,
SPADA,Dark Fall,,,,,,,,,
SPADA,Critical Crystal,,,,,,,,,
SPADA,Close the World feat.a☆ru†LEGGENDARIA,,,,,,,,,
SPADA,Close the World feat. a☆ru,,,,,,,,,
SPADA,Cleopatrysm,,,,,,,,,
SPADA,Claiomh Solais,,,,,,,,,
SPADA,BRAVE OUT,,,,,,,,,
SPADA,BRAINSTORM,,,,,,,,,
SPADA,BLUE DRAGON(雷龍RemixIIDX),,,,,,,,,
SPADA,Atropos,,,,,,,,,
SPADA,ATHER,,,,,,,,,
SPADA,Ancient Scapes†LEGGENDARIA,,,,,,,,,
SPADA,Ancient Scapes,,,,,,,,,
SPADA,ALBA -黎明-,,,,,,,,,
SPADA,Adularia,,,,,,,,,
PENDUAL,Ｘ↑Ｘ↓,,,,,,,,,
PENDUAL,鬼天,,,,,,,,,
PENDUAL,超青少年ノ為ノ超多幸ナ超古典的超舞曲†,,,,,,,,,
PENDUAL,超青少年ノ為ノ超多幸ナ超古典的超舞曲,,,,,,,,,
PENDUAL,表裏一体！？怪盗いいんちょの悩み,,,,,,,,,
PENDUAL,紅牡丹,,,,,,,,,
PENDUAL,白露の風,,,,,,,,,
PENDUAL,時空トラベローグ,,,,,,,,,
PENDUAL,打打打打打打打打打打,,,,,,,,,
PENDUAL,恋は白帯、サンシロー†,,,,,,,,,
PENDUAL,恋は白帯、サンシロー,,,,,,,,,
PENDUAL,少年は空を辿る,,,,,,,,,
PENDUAL,妖隠し -あやかしかくし-,,,,,,,,,
PENDUAL,夏色DIARY - L.E.D.-G STYLE MIX -,,,,,,,,,
PENDUAL,取り残された美術(Arranged:HiZuMi),,,,,,,,,
PENDUAL,千年ノ理,,,,,,,,,
PENDUAL,十六夜セツナ,,,,,,,,,
PENDUAL,共鳴遊戯の華,,,,,,,,,
PENDUAL,全力 SPECIAL VACATION!! ～限りある休日～,,,,,,,,,
PENDUAL,リリーゼと炎龍レーヴァテイン,,,,,,,,,
PENDUAL,ベィスドロップ・フリークス,,,,,,,,,
PENDUAL,フェイクアウト,,,,,,,,,
PENDUAL,パ→ピ→プ→Yeah!,,,,,,,,,
PENDUAL,ドッキン☆サマーあばんちゅーる,,,,,,,,,
PENDUAL,デンドロビウム,,,,,,,,,
PENDUAL,もっと！モット！ときめき feat. 松下,,,,,,,,,
PENDUAL,ぷろぐれっしぶ時空少女！うらしまたろ子ちゃん！,,,,,,,,,
PENDUAL,とろぴかる倶楽部,,,,,,,,,
PENDUAL,それは花火のような恋,,,,,,,,,
PENDUAL,ZZ,,,,,,,,,
PENDUAL,We're so Happy (P*Light Remix) IIDX ver.,,,,,,,,,
PENDUAL,Vulkan,,,,,,,,,
PENDUAL,TOXIC VIBRATION,,,,,,,,,
PENDUAL,TIEFSEE,,,,,,,,,
PENDUAL,The Least 100sec,,,,,,,,,
PENDUAL,TA・DA ☆ YO・SHI,,,,,,,,,
PENDUAL,Symmetry,,,,,,,,,
PENDUAL,Sweet Radar,,,,,,,,,
PENDUAL,subtractive,,,,,,,,,
PENDUAL,SpaceLand☆TOYBOX,,,,,,,,,
PENDUAL,Sounds Of Summer,,,,,,,,,
PENDUAL,Sometimes feat. Kanae Asaba,,,,,,,,,
PENDUAL,Shooting Fireball,,,,,,,,,
PENDUAL,Scars of FAUNA,,,,,,,,,
PENDUAL,Scarlet Moon,,,,,,,,,
PENDUAL,Say YEEEAHH,,,,,,,,,
PENDUAL,SAMSARA,,,,,,,,,
PENDUAL,Sakura Mirage,,,,,,,,,
PENDUAL,Reflux,,,,,,,,,
PENDUAL,Realize Maze,,,,,,,,,
PENDUAL,Rave*it!! Rave*it!!,,,,,,,,,
PENDUAL,Rave Saves You feat. Cardz (Exclusive IIDX Mix),,,,,,,,,
PENDUAL,PENDUAL TALISMAN,,,,,,,,,
PENDUAL,On My Wings(Hardstyle IIDX),,,,,,,,,
PENDUAL,No Tears,,,,,,,,,
PENDUAL,Night sky,,,,,,,,,
PENDUAL,NEO GENERATOR SEVEN,,,,,,,,,
PENDUAL,Monopole.,,,,,,,,,
PENDUAL,m1dy Festival,,,,,,,,,
PENDUAL,Ludus In Tenebris,,,,,,,,,
PENDUAL,Line 4 Ruin,,,,,,,,,
PENDUAL,Light My Fire,,,,,,,,,
PENDUAL,IXION,,,,,,,,,
PENDUAL,Invitation from Mr.C,,,,,,,,,
PENDUAL,In The Breeze,,,,,,,,,
PENDUAL,IMPLANTATION,,,,,,,,,
PENDUAL,illuminate,,,,,,,,,
PENDUAL,Hollywood Galaxy(DJ NAGAI Remix),,,,,,,,,
PENDUAL,Hello Happiness,,,,,,,,,
PENDUAL,HELL SCAPER -Last Escape Remix-,,,,,,,,,
PENDUAL,GUILTY,,,,,,,,,
PENDUAL,Gravigazer,,,,,,,,,
PENDUAL,Flashes,,,,,,,,,
PENDUAL,FANTASTIC THREE,,,,,,,,,
PENDUAL,fallen leaves -IIDX edition-,,,,,,,,,
PENDUAL,Erosion Mark,,,,,,,,,
PENDUAL,entelecheia,,,,,,,,,
PENDUAL,EBONY & IVORY†,,,,,,,,,
PENDUAL,EBONY & IVORY,,,,,,,,,
PENDUAL,Discloze,,,,,,,,,
PENDUAL,Despair of ELFERIA,,,,,,,,,
PENDUAL,Cosmic Cat†,,,,,,,,,
PENDUAL,Cosmic Cat,,,,,,,,,
PENDUAL,COLOSSEUM,,,,,,,,,
PENDUAL,cinder,,,,,,,,,
PENDUAL,Chronos,,,,,,,,,
PENDUAL,Chrono Diver -PENDULUMs-,,,,,,,,,
PENDUAL,CHRONO DIVER -NORNIR-†,,,,,,,,,
PENDUAL,CHRONO DIVER -NORNIR-,,,,,,,,,
PENDUAL,chrono diver -fragment-†,,,,,,,,,
PENDUAL,chrono diver -fragment-,,,,,,,,,
PENDUAL,Chain of pain,,,,,,,,,
PENDUAL,Broken Sword,,,,,,,,,
PENDUAL,BLUE MIRAGE,,,,,,,,,
PENDUAL,Blaze it UP!,,,,,,,,,
PENDUAL,Beyond The Earth,,,,,,,,,
PENDUAL,Beat Radiance†,,,,,,,,,
PENDUAL,Beat Radiance,,,,,,,,,
PENDUAL,Amnolys,,,,,,,,,
PENDUAL,AFRO KNUCKLE,,,,,,,,,
PENDUAL,#The_Relentless,,,,,,,,,
copula,麗 ～うらら～,,,,,,,,,
copula,駅猫のワルツ,,,,,,,,,
copula,量子の海のリントヴルム,,,,,,,,,
copula,追想快晴テーマパーク,,,,,,,,,
copula,紫陽花 -AZISAI-,,,,,,,,,
copula,真 地獄超特急 -HELL or HELL-,,,,,,,,,
copula,炸裂！イェーガー電光チョップ！！(JAEGER FINAL ATTACK),,,,,,,,,
copula,灼熱 Pt.2 Long Train Running,,,,,,,,,
copula,朝焼けから始まるボクらの小さな旅,,,,,,,,,
copula,星屑ディスタンシア,,,,,,,,,
copula,明鏡止水,,,,,,,,,
copula,少女アリスと箱庭幻想コンチェルト,,,,,,,,,
copula,太陽SUNSUNボンジュールアバンチュール,,,,,,,,,
copula,セロトニン,,,,,,,,,
copula,シュッパツシンコウ・シサカンコ,,,,,,,,,
copula,ギョギョっと人魚 爆婚ブライダル,,,,,,,,,
copula,オルタネイトβ,,,,,,,,,
copula,めいさいアイドル☆あいむちゃん♪,,,,,,,,,
copula,か・し・ま・し☆PUMP UP！,,,,,,,,,
copula,ZEPHYRANTHES,,,,,,,,,
copula,X,,,,,,,,,
copula,Wheel of Journey,,,,,,,,,
copula,Welcome,,,,,,,,,
copula,Violet Rose,,,,,,,,,
copula,Violet Pulse,,,,,,,,,
copula,Uh-Oh,,,,,,,,,
copula,Triple Counter,,,,,,,,,
copula,Transport,,,,,,,,,
copula,Tori-no-kimochi,,,,,,,,,
copula,To The Paradise,,,,,,,,,
copula,SURVIVOR,,,,,,,,,
copula,Super Duper Racers,,,,,,,,,
copula,StrayedCatz,,,,,,,,,
copula,STARLIGHT DANCEHALL†,,,,,,,,,
copula,STARLIGHT DANCEHALL,,,,,,,,,
copula,STARLiGHT,,,,,,,,,
copula,SHELTER OF THE MIND,,,,,,,,,
copula,Set U Free feat. Kanae Asaba,,,,,,,,,
copula,Sephirot,,,,,,,,,
copula,SEITEN NO TERIYAKI,,,,,,,,,
copula,Routing,,,,,,,,,
copula,Rock It,,,,,,,,,
copula,Ride To The Core,,,,,,,,,
copula,refrain,,,,,,,,,
copula,quick master (reform version),,,,,,,,,
copula,POSSESSION,,,,,,,,,
copula,OUTER LIMITS ALTERNATIVE,,,,,,,,,
copula,Outbreak,,,,,,,,,
copula,On the FM,,,,,,,,,
copula,NZM,,,,,,,,,
copula,Nowhere,,,,,,,,,
copula,NO LIMIT -オレ達に限界は無い-,,,,,,,,,
copula,NINJA IS DEAD IIDX ver.,,,,,,,,,
copula,Nightmare before oversleep,,,,,,,,,
copula,NANAIRO,,,,,,,,,
copula,Musik LoverZ,,,,,,,,,
copula,M4K3 1T B0UNC3,,,,,,,,,
copula,m1dy Dynamic,,,,,,,,,
copula,La dolce primavera,,,,,,,,,
copula,Konzert V,,,,,,,,,
copula,Journey,,,,,,,,,
copula,Inner Spirit,,,,,,,,,
copula,Highcharge Divolt,,,,,,,,,
copula,Grand Chariot,,,,,,,,,
copula,Godspeed,,,,,,,,,
copula,GOBBLE,,,,,,,,,
copula,Go Faraway,,,,,,,,,
copula,Glitch Nerds,,,,,,,,,
copula,GET READY!!,,,,,,,,,
copula,GENERATE feat.綾倉盟,,,,,,,,,
copula,Exchange Place,,,,,,,,,
copula,Everlasting Last,,,,,,,,,
copula,Dynamite,,,,,,,,,
copula,Dreamin Train,,,,,,,,,
copula,Donkey Donk,,,,,,,,,
copula,do the thing feat. Kanae Asaba,,,,,,,,,
copula,DIAMOND CROSSING,,,,,,,,,
copula,Devil's Gear,,,,,,,,,
copula,Derelict Star feat. Ryu*,,,,,,,,,
copula,Damage Per Second†,,,,,,,,,
copula,Damage Per Second,,,,,,,,,
copula,Daily Lunch Special,,,,,,,,,
copula,CODE:1 [revision1.0.1],,,,,,,,,
copula,chaos eater -IIDX edition-,,,,,,,,,
copula,Central Station,,,,,,,,,
copula,Blue Spring Express,,,,,,,,,
copula,Battle Train -IIDX Edition-,,,,,,,,,
copula,Aublia,,,,,,,,,
copula,Arcana,,,,,,,,,
copula,AO-1,,,,,,,,,
copula,Angelic Jelly,,,,,,,,,
copula,Acid Pumper,,,,,,,,,
copula,199024club -Re:BounceKiller-,,,,,,,,,
SINOBUZ,鴉,,,,,,,,,
SINOBUZ,童話回廊,,,,,,,,,
SINOBUZ,禍根,,,,,,,,,
SINOBUZ,獅子霞麗ノ舞,,,,,,,,,
SINOBUZ,焔極OVERKILL,,,,,,,,,
SINOBUZ,火影,,,,,,,,,
SINOBUZ,津軽雪,,,,,,,,,
SINOBUZ,次葉 -turn the page-,,,,,,,,,
SINOBUZ,月雪に舞う華のように,,,,,,,,,
SINOBUZ,恋はどう？モロ◎波動OK☆方程式!!,,,,,,,,,
SINOBUZ,忍恋花,,,,,,,,,
SINOBUZ,刃図羅,,,,,,,,,
SINOBUZ,冬椿 ft. Kanae Asaba,,,,,,,,,
SINOBUZ,九尾狐夜行,,,,,,,,,
SINOBUZ,ディッシュウォッシャー◎彡おいわちゃん,,,,,,,,,
SINOBUZ,イザナミノナゲキ,,,,,,,,,
SINOBUZ,ちらちら・はらはら,,,,,,,,,
SINOBUZ,お命ちょうDAI！901娘,,,,,,,,,
SINOBUZ,〆,,,,,,,,,
SINOBUZ,Yellow Sketch(RX-Ver.S.P.L.),,,,,,,,,
SINOBUZ,yamabiko (SINOBUZ Edition),,,,,,,,,
SINOBUZ,XINOBIKILL,,,,,,,,,
SINOBUZ,Warrior,,,,,,,,,
SINOBUZ,Vermilion,,,,,,,,,
SINOBUZ,Venom,,,,,,,,,
SINOBUZ,Umbral,,,,,,,,,
SINOBUZ,TOGAKUSHI,,,,,,,,,
SINOBUZ,The Commanders,,,,,,,,,
SINOBUZ,Sweet Clapper,,,,,,,,,
SINOBUZ,Surf on the Light,,,,,,,,,
SINOBUZ,Super Rush,,,,,,,,,
SINOBUZ,Summerlights(IIDX Edition),,,,,,,,,
SINOBUZ,Summer,,,,,,,,,
SINOBUZ,Steel Edge,,,,,,,,,
SINOBUZ,Snakey Kung-fu,,,,,,,,,
SINOBUZ,Sky High,,,,,,,,,
SINOBUZ,SINOBUZ Fantasy,,,,,,,,,
SINOBUZ,shuriken,,,,,,,,,
SINOBUZ,Shoot'Em All,,,,,,,,,
SINOBUZ,SEQUENCE CAT,,,,,,,,,
SINOBUZ,Selfish Sweet,,,,,,,,,
SINOBUZ,Seize the Day,,,,,,,,,
SINOBUZ,Seaside Labyrinth,,,,,,,,,
SINOBUZ,SCREAM THE LIFE FEAT.KYONO,,,,,,,,,
SINOBUZ,SAY BAY,,,,,,,,,
SINOBUZ,Sarutobi Champion is 拙者,,,,,,,,,
SINOBUZ,SAMURAI-Scramble,,,,,,,,,
SINOBUZ,ROTTERDAM SHOGUN,,,,,,,,,
SINOBUZ,RISING FIRE HAWK,,,,,,,,,
SINOBUZ,Remedy feat. Kanae Asaba,,,,,,,,,
SINOBUZ,Rave Cannon,,,,,,,,,
SINOBUZ,RAIN,,,,,,,,,
SINOBUZ,Quakes,,,,,,,,,
SINOBUZ,Piano Samurai,,,,,,,,,
SINOBUZ,PAPAYAPA BASS,,,,,,,,,
SINOBUZ,OTENAMI Hurricane,,,,,,,,,
SINOBUZ,OOO,,,,,,,,,
SINOBUZ,nostos,,,,,,,,,
SINOBUZ,Music is The Answer,,,,,,,,,
SINOBUZ,Modular Technology,,,,,,,,,
SINOBUZ,Mare Nectaris,,,,,,,,,
SINOBUZ,Magical,,,,,,,,,
SINOBUZ,Macuilxochitl,,,,,,,,,
SINOBUZ,Lost wing at.0,,,,,,,,,
SINOBUZ,INVISIBLE STRIX,,,,,,,,,
SINOBUZ,Honey Trap,,,,,,,,,
SINOBUZ,HAPPY★RUSH,,,,,,,,,
SINOBUZ,HADES,,,,,,,,,
SINOBUZ,GuNGNiR,,,,,,,,,
SINOBUZ,Go Ahead!!,,,,,,,,,
SINOBUZ,FUZIN RIZIN,,,,,,,,,
SINOBUZ,elemental bender feat. Kanae Asaba,,,,,,,,,
SINOBUZ,Egret and Willow,,,,,,,,,
SINOBUZ,ECHIDNA,,,,,,,,,
SINOBUZ,DORNWALD ～Junge～,,,,,,,,,
SINOBUZ,DISAPPEAR feat. koyomin,,,,,,,,,
SINOBUZ,Cyber True Color,,,,,,,,,
SINOBUZ,crew,,,,,,,,,
SINOBUZ,Caterpillar,,,,,,,,,
SINOBUZ,BroGamer,,,,,,,,,
SINOBUZ,Breakin' Chain,,,,,,,,,
SINOBUZ,BREAK OVER,,,,,,,,,
SINOBUZ,Beyond The Seven,,,,,,,,,
SINOBUZ,Believe in you,,,,,,,,,
SINOBUZ,Beat Juggling Mix,,,,,,,,,
SINOBUZ,Be A Star,,,,,,,,,
SINOBUZ,BabeL ～Grand Story～,,,,,,,,,
SINOBUZ,AsiaN distractive,,,,,,,,,
SINOBUZ,Around The Galaxy,,,,,,,,,
SINOBUZ,Apocalypse,,,,,,,,,
SINOBUZ,AO-∞,,,,,,,,,
SINOBUZ,Amazing Mirage,,,,,,,,,
SINOBUZ,Affection,,,,,,,,,
SINOBUZ,(This Is Not) The Angels,,,,,,,,,
SINOBUZ,#MAGiCVLGiRL_TRVP_B3VTZ,,,,,,,,,
SINOBUZ,!Viva!,,,,,,,,,