"title","N","H","A","N","H","A"
"22DUNK","265","323","329","333","334","329"
"5.1.1.","99","511","786","99","511","796"
"Dr.LOVE","204","261","290","259","321",""
"GAMBOL","137","137","","137","137",""
"GRADIUSIC CYBER","442","508","609","409","556","631"
"R3","330","368","454","384","392","475"
"BRILLIANT 2U","270","330","362","288","363",""
"deep in you","250","255","333","283","293","364"
"GENOM SCREAMS","211","417","536","211","417","538"
"KEEP ON MOVIN'","98","122","","119","122",""
"Macho Gang","191","548","837","262","836","846"
"PARANOIA MAX～DIRTY MIX～","280","376","562","280","406","581"
"RUGGED ASH","185","201","556","186","201","624"
"THE EARTH LIGHT","398","530","581","456","718","581"
".59","360","514","584","444","514","585"
"Dancin' Into The Night","216","235","","224","237",""
"Digital MinD(A/T Libra mix)","374","542","573","374","597",""
"Electro Tuned(the SubS mix)","390","483","537","469","569",""
"Indigo Vision(full flavour hide around mix)","442","569","617","455","617",""
"I Was The One","272","326","348","205","270",""
"PUT YOUR FAITH IN ME(for beatmania II)","291","434","","288","434",""
"SP-TRIP MACHINE(for beatmania II)","254","313","324","254","311",""
"CAN'T STOP FALLIN'IN LOVE","310","632","","313","620",""
"Don't Stop!","389","428","453","391","450",""
"era (nostalmix)","437","555","786","437","952","1226"
"Holic","395","624","880","680","875","1136"
"LEADING CYBER","434","611","645","478","611","645"
"Presto","273","498","508","274","508",""
"R5","387","588","889","430","599","870"
"REINCARNATION","424","525","643","398","525","643"
"Schlagwerk","414","663","848","412","1043","1090"
"Skyscraper","372","610","629","413","628",""
"Tangerine Stream","141","198","","151","199",""
"THE SAFARI","618","900","","624","900",""
"250bpm","353","528","726","351","523","672"
"ABSOLUTE","682","935","1218","728","934","1338"
"B4U","538","801","1014","629","815",""
"Broken My Heart","474","751","914","405","742","914"
"Burnin' The Floor","293","478","721","460","482","724"
"CHECKING YOU OUT","339","481","700","339","482","703"
"Clione","264","479","811","264","477","1010"
"Clione†","","","1102","","","1203"
"DXY!","651","968","1158","781","1332","1529"
"empathy","416","703","743","411","961",""
"era (step mix)","565","733","875","503","728","1226"
"FLOWERS for ALBION","122","222","","190","222",""
"HIGHER","270","468","641","362","578","611"
"Hitch Hiker2","420","609","665","518","880",""
"Jam&Marmalade","388","456","512","327","451",""
"KAMIKAZE","515","745","1157","512","745","1156"
"LOVE WILL・・・","279","379","732","330","529","726"
"minimalian","271","555","706","263","626","1015"
"Mr.T.(take me higher)","428","510","889","428","510","885"
"Nasty!","295","486","790","502","787",""
"starmine","456","719","800","566","796","1098"
"ULTRA HIGH-HEELS","380","462","497","441","503",""
"Voltage (feat. Hidemaru)","480","630","670","480","964",""
"Abyss","639","817","945","771","889","964"
"in my eyes","484","739","798","484","842","1051"
"Kiss me all night long","471","629","746","480","620","703"
"LOVE AGAIN TONIGHT～for Mellisa mix～","385","501","561","466","555",""
"outer wall","474","687","892","474","736","902"
"QQQ","621","961","1091","1016","1346",""
"Radical Faith","602","768","660","749","1255","1101"
"Real","580","866","920","796","949","1139"
"Regulus","551","788","881","545","805","1065"
"RIDE ON THE LIGHT (HI GREAT MIX)","452","548","862","469","616","904"
"RIDE ON THE LIGHT (HI GREAT MIX)†","","","931","","","1010"
"RISLIM","463","625","","463","625",""
"Spin the disc","409","659","674","618","900",""
"STILL IN MY HEART","517","705","971","516","705","1286"
"still my words","464","619","","437","726",""
"sync","549","982","1204","796","1030","1208"
"THE CUBE","374","644","682","374","645","1113"
"THE SHINING POLARIS","485","667","799","485","665",""
"V","646","1272","1519","757","1385","1504"
"19,November","560","733","910","589","733","1045"
"BALLAD FOR YOU～想いの雨～","297","387","537","375","546",""
"Blueberry Stream","429","770","846","598","817","868"
"Buffalo","511","744","932","479","744","932"
"Colors (radio edit)","751","1011","1258","714","1099","1255"
"DIVE ～INTO YOUR HEART～","656","945","1066","623","998","1083"
"fly through the night","452","688","863","452","688","981"
"Free Style","473","571","664","473","579",""
"Frozen Ray (original mix)","669","897","909","428","839","937"
"G2","752","942","1188","665","830","1377"
"Linus","489","789","1105","585","1007","1210"
"NEMESIS","524","839","973","667","977","1367"
"rottel-da-sun","417","692","936","418","693",""
"route 80s","457","614","766","562","765","900"
"SOMETHING WONDERFUL","471","688","1003","458","690","1003"
"Summer Vacation(CU mix)","667","949","","984","1328",""
"Take It Easy","760","1229","1282","745","1356",""
"こっちを向いてよ","438","667","703","625","767","1127"
"電人イェーガーのテーマ(Theme of DENJIN J)","563","796","","700","835",""
"A","666","1111","1260","613","1119","1343"
"AVE DE RAPINA","713","882","934","948","1113",""
"Bad Routine","522","716","964","566","716","1042"
"Burning Heat! (Full Option Mix)","361","494","755","359","496","789"
"Cheer Train","470","623","880","468","623","1307"
"D2R","494","671","823","525","665",""
"DESTINY","546","700","925","575","700",""
"foreplay","357","631","684","361","630","979"
"Glorious Days","262","411","463","395","461",""
"Happy Wedding","620","872","940","610","899","1061"
"Last Message","513","682","819","675","748","1111"
"Let the Snow Paint Me","431","537","624","485","559",""
"Love Me Do","571","857","1058","577","899",""
"Marmalade Reverie","436","504","638","580","704","921"
"MAX 300","571","982","","566","982",""
"Spica","328","772","1167","327","782","1203"
"stoic","874","1250","1302","874","1126","1497"
"Tomorrow Perfume","685","1000","1085","729","1212","1311"
"traces","778","982","1083","762","901","1071"
"ZERO-ONE","556","874","1132","556","874","1169"
"革命","392","1004","1183","702","1209","1401"
"abstract","659","831","960","662","950",""
"airflow","295","402","721","293","402","721"
"ALL RIGHT","446","658","815","501","720","860"
"Attitude","527","721","881","578","707","881"
"bit mania","458","643","934","536","643",""
"Blame","611","796","980","614","745","1105"
"CELEBRATE NITE","471","591","714","471","632","731"
"Colors -Y&Co. Eurobeat Remix-","585","1029","1100","663","1068","1100"
"dual control","403","763","961","403","756","854"
"Giudecca","470","1016","1381","600","1129","1392"
"Halfway of promise","481","781","940","638","779","1157"
"Hormiga obrera","613","764","913","736","959","1055"
"LAB","534","1029","1075","547","1014","1255"
"LOVE IS ORANGE","399","519","903","456","570","1034"
"memories","578","1056","1157","578","1122","1274"
"Monkey Dance","413","690","997","554","689","955"
"murmur twins","567","854","1207","589","924","1188"
"MUSIC TO YOUR HEAD","415","743","849","628","769","849"
"PLEASE DON'T GO","505","715","1251","527","798","1188"
"rainbow flyer","422","859","1081","424","931","1167"
"STAR DREAM","396","677","725","592","731",""
"symbolic","734","952","1138","936","1152",""
"thunder","609","817","959","608","944","1126"
"WAR GAME","488","789","1077","496","820","1044"
"World Wide Love","353","526","559","454","560",""
"xenon","570","867","1379","563","865","1379"
"蒼い衝動","468","694","803","524","685","795"
"合体せよ！ストロングイェーガー！！","811","879","","822","879",""
"桜","541","819","1123","605","819","1047"
"Abyss -The Heavens Remix-","766","938","1188","803","1036","1102"
"ACT","532","864","935","637","890","1005"
"BAD BOY BASS!! (dj Remo-con MIX)","468","714","908","468","708",""
"bag","468","621","963","636","912","1023"
"BRIGHTNESS DARKNESS","363","750","889","381","825","984"
"Cradle","466","751","803","617","784",""
"Distress","691","937","","993","1254",""
"ECHOES","475","589","1028","463","760","1087"
"e-motion 2003 -romantic extra-","671","824","1001","715","978",""
"Golden Horn","359","646","763","359","646","853"
"HYPER EUROBEAT (2DX style)","557","843","990","604","832",""
"I Was The One (80's EUROBEAT STYLE)","397","685","727","439","518","725"
"Karma","668","839","925","797","1085","1267"
"Let The Snow Paint Me -Y&Co. Remix-","423","644","910","420","662","989"
"lights","357","753","910","635","927","995"
"LOVE♡SHINE","433","921","1046","427","673","960"
"lower world","706","979","1144","705","981","1254"
"Make A Difference","445","846","1155","441","866","1202"
"MARIA (I believe... )","375","804","983","375","861","983"
"moon_child","533","1026","1300","510","1049","1661"
"one or eight","695","985","1177","632","790","1110"
"POWER DREAM","393","818","939","581","818","879"
"quasar","591","901","1161","710","1056","1562"
"Quickening","478","875","1062","440","620","1044"
"Really Love","333","506","898","333","861",""
"RISLIM -Remix-","405","508","959","521","817","1151"
"rottel-the-Mercury","503","963","1137","634","924","1132"
"Silvia Drive","429","790","1049","687","946","1364"
"SNOW","534","704","1038","598","762","1037"
"STAR FIELD","351","806","947","351","793",""
"Sweet Sweet♥Magic","509","784","1032","519","786","1055"
"SWEETEST SAVAGE","335","704","930","551","702","965"
"真夏の花・真夏の夢","420","603","749","580","771","961"
"ライオン好き","329","600","755","329","614",""
"1st Samurai","546","1016","1383","729","1016","1455"
"ALIEN TEMPLE","505","839","1021","649","954","1084"
"ASTRAL VOYAGE","510","727","971","523","731","1087"
"BABY LOVE","598","865","1089","596","779","1159"
"Back Into The Light","602","835","1086","621","828","1160"
"Boundary","440","930","1031","521","967","967"
"CARRY ON NIGHT (English version)","510","702","1037","522","738","1088"
"Daisuke","613","850","1205","660","858","1208"
"Debtty Daddy","533","1008","1371","533","1008","1607"
"desolation","245","331","386","245","386",""
"DoLL","478","626","810","478","645","923"
"EXE","448","829","1131","450","854",""
"Feedback","548","836","1010","550","838","984"
"FEEL IT","474","888","1013","573","1002","1119"
"Freezing atmosphere","416","585","775","418","586","776"
"GHOST REVIVAL","466","1049","1311","466","1049","1409"
"GRADIUS -FULL SPEED-","385","643","1074","385","643","1074"
"HIGH","470","975","1088","692","945","1233"
"Innocent Walls","847","1281","1446","855","1140","1553"
"Love Is Eternity","622","1016","1215","604","1038","1417"
"LOW","346","767","881","614","767","957"
"Lucy","485","903","1167","484","908",""
"Narcissus At Oasis","392","807","838","384","771","830"
"No.13","855","1376","1607","778","1185","1639"
"One More Lovely","439","832","1452","444","862","1557"
"pandora","455","852","931","509","805","1040"
"rainbow rainbow","799","1156","1377","815","1087","1400"
"Ready To Rockit Blues","298","533","719","548","665","808"
"Rise'n Beauty","652","841","1094","683","882","1159"
"SHOOTING STAR","651","855","1146","624","858","1178"
"SPACE FIGHT","328","768","1134","519","765","1190"
"システムロマンス","458","901","1023","457","886",""
"雪月花","636","979","1287","867","1153","1411"
"AA","642","1386","1834","659","997","1739"
"AGEHA","537","888","948","464","689","903"
"ANDROMEDA","517","973","1446","512","1109","1568"
"awakening","553","750","866","546","746","873"
"Be quiet","559","894","1114","558","861","1055"
"BLOCKS","417","675","1000","417","746","1001"
"BREATH","469","663","875","455","700","930"
"Click Again","462","737","1097","462","735","1039"
"Close my Eyes for Me","529","755","948","521","751","1058"
"D.A.N.C.E.!","299","431","826","298","425","653"
"Don't be afraid myself","566","960","1155","621","935","1094"
"earth scape","230","530","644","230","507",""
"FAKE TIME","534","916","1231","534","879","1178"
"Fly Away To India","344","562","712","344","562",""
"GENOCIDE","587","1103","1222","588","1211","1456"
"gigadelic","771","1116","1301","754","1110","1344"
"HORIZON","546","786","990","547","818","1027"
"INJECTION OF LOVE","343","532","769","359","553",""
"KEY","573","950","1436","573","989","1400"
"NEBULA GRASPER","691","1029","1241","723","1029","1155"
"Raspberry♥Heart(English version)","531","797","932","524","772","901"
"RED ZONE","567","975","1184","611","941","1232"
"RESONATE 1794","469","745","951","469","744",""
"Secret of Love","553","747","1019","496","767",""
"SPEEDY CAT","569","861","1028","566","884","978"
"Sphere","541","996","1111","522","897","1139"
"spiral galaxy","545","1061","1310","564","1038","1139"
"The Hope of Tomorrow","536","874","992","535","855","989"
"ULTiM∧TE","480","744","1006","451","736",""
"Wonder Bullfighter","489","747","1062","451","729","1086"
"大桟橋","247","574","937","247","574",""
"太陽～T・A・I・Y・O～","419","725","880","419","725",""
"ピアノ協奏曲第1番""蠍火""","422","1111","1414","473","1031","1730"
"100% minimoo-G","474","871","903","474","871","1414"
"Agnus Dei","466","850","1051","465","791","1051"
"alla turca con passione","409","829","1103","396","831","1057"
"Aurora","714","1100","1280","675","1043","1218"
"CaptivAte～浄化～","541","946","1243","540","936","1235"
"Catch Me","405","678","925","403","685","922"
"double thrash","527","1066","1206","527","1048",""
"EDEN","660","969","1363","640","733","1377"
"EMPTY OF THE SKY","334","526","843","334","526","842"
"First Resolution","421","808","1077","421","819","1077"
"garden","440","773","1100","461","774","1396"
"Get'em up to R.A.V.E","599","892","1158","595","890",""
"HAPPY☆ANGEL","555","782","1052","555","776","1073"
"I am","555","883","1096","611","883",""
"in motion","432","545","661","432","545","661"
"INAZUMA","561","930","1368","584","917","1554"
"LESSON 5","654","949","1261","542","939","1471"
"Little Little Princess","558","1118","1420","560","1171","1610"
"Love Magic","515","895","991","515","895",""
"MOON RACE","434","598","957","433","598",""
"Pink Rose","297","486","708","297","486","770"
"PLASMA","479","848","1145","479","848",""
"Pollinosis","405","590","1278","464","644","829"
"POODLE","492","956","1156","493","880","1438"
"rage against usual","697","1060","1527","697","1081","1215"
"SCREAM SQUAD","609","869","1073","579","863","1072"
"Scripted Connection⇒ N mix","674","858","1073","661","909","1179"
"Scripted Connection⇒ H mix","875","1059","1275","879","1005","1366"
"Scripted Connection⇒ A mix","865","1155","1575","1079","1269","1382"
"SigSig","548","864","1309","552","884","1259"
"Tizona d'El Cid","495","1000","1178","491","1000",""
"Twelfth Style","630","778","1033","707","976","1070"
"Under the Sky","458","710","875","390","670","830"
"vault of heaven","401","728","1010","401","728","1020"
"Votum stellarum","413","857","1017","413","965",""
"We are Disっ娘よっつ打ち命","336","490","837","336","490","873"
"Xepher","571","1135","1520","559","1089","1498"
"オレはビートマニア！お前は何マニア？","414","763","873","414","752","789"
"ヒマワリ","285","947","1042","396","856","943"
"ラクエン","369","498","1034","368","723","1033"
"月光","455","900","1246","440","922","1175"
"合体せよ！ストロングイェーガー！！ (Ryu☆ remix)","564","807","972","556","784","935"
"冥","555","1111","2000","555","1104","2000"
"ALFARSHEAR 双神威に廻る夢","548","838","1049","548","838","1043"
"Apocalypse ～dirge of swans～","510","921","1214","480","981","1270"
"BALLAD THE FEATHERS","367","554","764","357","560",""
"Bloody Tears(IIDX EDITION)","574","1012","1094","574","1009","1280"
"BOOM BOOM DISCO NIGHT","520","938","1151","520","927","1148"
"Broadbanded","454","726","1019","436","727","899"
"Concertino in Blue","460","915","1311","486","972","1425"
"CONTRACT","648","863","1056","607","856","1050"
"Crazy K.I.N.O.","435","596","836","436","605","996"
"Double♥♥Loving Heart","292","671","909","393","730","1127"
"D.C.fish","513","998","1178","505","888","1228"
"EURO-ROMANCE","497","933","1056","494","893","1363"
"Ganymede","571","884","1199","612","951","1363"
"Harmony and Lovely","457","902","1127","457","896","1122"
"Heavenly Sun (IIDX VERSION)","421","806","1060","421","805","1060"
"INFERNO","601","828","1008","600","856","1175"
"Leaving...","396","714","1116","386","714","1024"
"Melody Life","397","673","933","399","643",""
"MINT","524","917","1158","517","906","1163"
"MOON","436","1067","1118","436","1048",""
"Power of Love","513","848","1077","512","861","1065"
"So Fabulous !!","556","784","1191","548","853","1214"
"Sun Field","287","777","1234","449","856","1158"
"The Dirty of Loudness","740","1154","1327","723","1122","1189"
"This is Love","473","910","1249","489","906",""
"tripping contact","686","989","1360","725","1081",""
"tripping contact(teranoid&MC Natsack Remix)","646","1020","1258","653","968","1367"
"TYPE MARS(G-Style Mix)","571","974","1237","576","990",""
"waxing and wanding","658","997","1457","647","966","1399"
"Why did you go away","559","904","1166","552","901","1165"
"WISH(EUROBEAT MIX)","532","824","990","532","793","988"
"with you…","398","580","891","398","580","1324"
"Zenius -I- vanisher","493","790","1209","492","776","1207"
"カゴノトリ～弐式～","581","944","1325","581","978","1586"
"華蝶風雪","638","1064","1500","626","1041","1481"
"タシカナモノ","472","726","1026","470","797","1191"
"嘆きの樹","902","1281","2000","875","1281","2000"
"虹色","488","792","934","488","793","934"
"罠","283","777","1231","374","730",""
"Air Bell","499","687","868","455","642","794"
"ANDROMEDA II","501","982","1255","534","1084",""
"Blind Justice ～Torn souls, Hurt Faiths～","679","1001","1245","618","950","1134"
"Candy Galy","800","1308","1798","642","863","1348"
"CaptivAte～裁き～","435","663","897","422","822","1110"
"CaptivAte～誓い～","677","1017","1127","710","1078","1319"
"CROSSROAD ～Left Story～","574","883","1097","575","857","1047"
"Cyber Force","637","980","1200","610","929","1081"
"Fascination MAXX","508","876","1313","475","825","1167"
"FIRE FIRE","616","927","1405","616","962","1162"
"four-leaf","386","642","867","386","642",""
"GOLD RUSH","608","764","1199","601","851","1186"
"GRID KNIGHT","423","1012","1328","813","1056","1396"
"heaven above","418","711","928","419","706","921"
"High School Love","438","788","1106","439","771","1123"
"INORI","701","1330","1614","699","1241","1730"
"KAMAITACHI","647","1039","1368","1005","1335","1662"
"LASER CRUSTER","732","1250","1644","696","1254","1721"
"Love Again...","293","400","538","396","533",""
"Make Me Your Own","451","836","1086","451","836","1115"
"METALLIC MIND","451","735","832","451","736",""
"never...","414","691","915","413","690",""
"PHOTONGENIC","701","1002","1162","747","1086","1409"
"Roulette","458","741","1073","459","753","1075"
"Second Heaven","500","787","1069","500","704","1069"
"Sense 2007","788","1179","1517","792","1179","1474"
"smile","744","1107","1464","766","1145","1628"
"snow storm","403","1173","1409","407","1173","1750"
"the shadow","618","1084","1480","616","1095","1394"
"The Smile of You","472","658","815","523","697","904"
"TRANOID","414","929","1141","449","947","1141"
"VANESSA","591","938","1228","588","938","1297"
"Watch out!!","377","544","837","377","544",""
"With your Smile","366","597","788","362","616","786"
"X-rated","449","811","1063","464","793","1059"
"クルクル☆ラブ～Opioid Peptide MIX～","500","766","1144","538","816","1182"
"零 - ZERO -","596","912","1162","601","909","1154"
"電人、暁に斃れる。","785","1255","1725","775","1207","1732"
"花吹雪 ～IIDX LIMITED～","367","573","719","493","615","838"
"星をこの手に","614","933","1099","609","962","1267"
"ヨシダさん","470","728","987","523","739","1003"
"リグレット","666","887","1223","661","888",""
"2 tribe 4 K","452","684","1402","419","666","1233"
"Anisakis -somatic mutation type""Forza""-","631","1089","1443","637","1291","1603"
"avant-guerre","390","694","982","390","694","982"
"Be OK","479","902","1215","492","1063","1717"
"beatonic nation","640","955","1093","664","999","1259"
"Blue Rain","514","812","1149","587","803","1037"
"Darling my LUV","354","512","695","345","576",""
"Dazzlin' Darlin","455","704","1115","433","696","1052"
"Digitank System","480","815","1096","482","813","1175"
"Do it!! Do it!!","538","816","987","435","736","982"
"end of world","523","924","1268","523","924","1357"
"evergreen","507","720","997","519","740","1037"
"four pieces of heaven","481","988","1225","481","965","1264"
"Freeway Shuffle","411","650","949","416","669","916"
"ICARUS","694","1097","1301","687","1038","1336"
"in the Sky","697","1079","1279","681","1040","1241"
"Kick Out 仮面","596","800","1022","599","842","1356"
"LOVELY STORM","679","1105","1429","733","1249","1418"
"MAX LOVE","730","1100","1348","752","1130","1572"
"MENDES","573","1353","1831","569","1231","1922"
"MENTAL MELTDOWN","609","1176","1443","607","1024","1335"
"NEW GENERATION -もう、お前しか見えない-","541","1011","1342","556","969","1278"
"oratio","747","1056","1493","706","1061","1406"
"PARANOiA ～HADES～","558","954","1395","600","989","1532"
"PROMISE FOR LIFE","305","753","875","286","570","746"
"REMINISCENCE","643","939","1183","643","946","1183"
"Ristaccia","609","1032","1386","400","936","1174"
"satellite020712 from ""CODED ARMS""","680","983","1293","831","1199","1656"
"satfinal","548","722","963","545","805","1016"
"scar in the earth","335","565","766","383","592","831"
"SOUND OF GIALLARHORN","708","1405","1668","704","1227","1599"
"STEEL NEEDLE","560","1121","1269","575","1103","1367"
"switch","407","790","1069","407","790","1069"
"THE DEEP STRIKER","556","1150","1528","622","1133","1451"
"the trigger of innocence","451","592","924","597","1019","1527"
"Time to Air","640","1064","1458","634","985","1325"
"TROOPERS","625","1216","1496","625","1197","1616"
"Übertreffen","555","1019","1280","536","953","1171"
"Wanna Party?","386","599","762","329","616","910"
"エコ爺","424","678","923","424","678","922"
"高高度降下低高度開傘","466","777","1005","475","842","1204"
"少年A","642","1144","1449","681","1150","1356"
"走馬灯 -The Last Song-","258","464","673","258","465",""
"華爛漫 -Flowers-","510","804","1029","592","801","1011"
"マチ子の唄","418","662","901","428","636","879"
"ミラージュ・レジデンス","575","1097","1345","575","1073","1537"
"3y3s","772","1306","1871","804","1461","1882"
"ALL I NEED YOUR LOVE","559","873","1081","559","873","1081"
"ALL MY TURN -このターンに、オレの全てを賭ける-","533","971","1314","606","944","1224"
"Arabian Rave Night","655","1166","1504","655","1161","1605"
"B4U(BEMANI FOR YOU MIX)","615","1205","1810","764","1189","1519"
"Bahram Attack-猫叉Master Remix-","535","997","1314","618","1051","1443"
"BITTER CHOCOLATE STRIKER","564","1142","1990","564","1141","1574"
"BRIDAL FESTIVAL !!!","502","764","1077","590","820","970"
"CaptivAte2～覚醒～","564","894","1221","493","805","1235"
"Colorful Cookie","570","1143","1773","716","1220","1811"
"Cyber Force -DJ Yoshitaka Remix-","553","944","1278","694","1079","1292"
"Flash Back 90's","467","964","1179","526","815","1001"
"Fly Above","482","815","1016","412","894","1061"
"Go Beyond!!","547","899","1166","528","822","1087"
"HYPERION","572","1072","1385","572","1047","1391"
"I'm Screaming LOVE","308","666","851","456","605","913"
"Jack","465","714","1086","466","852","1252"
"Just a Little Smile","415","683","1272","496","878","1276"
"Kung-fu Empire","760","1327","1657","607","1301","1659"
"Mind Mapping","443","627","923","353","667","937"
"Monkey Dance '09","437","895","1142","437","870","1257"
"MY FUTURE","489","850","1111","658","982","1363"
"naughty girl@Queen's Palace","433","869","1088","433","698","853"
"neogenesis","504","682","864","476","675","1034"
"NΦ CRIME","414","736","951","526","846","1012"
"Programmed World","476","910","1161","476","941","1181"
"Punch Love♡仮面","565","888","1269","692","1028","1355"
"Queen's Tragedy","428","872","1135","431","812","1012"
"Secrets","638","1253","1592","637","1195","1797"
"smooooch・∀・","418","830","1089","448","813","1166"
"SOLITON BEAM","741","1071","1187","710","1138","1366"
"THANK YOU FOR PLAYING","412","858","1090","437","863","1107"
"Turii ～Panta rhei～","449","1051","1347","440","1006","1280"
"V2","751","1620","1810","746","1408","1686"
"You'll say ""Now!""","629","962","1276","537","940","1299"
"翼","454","765","988","503","838","1086"
"鉄甲乙女-under the steel-","474","826","1098","534","850","1220"
"天空脳番長危機十六連打","525","1115","1323","525","1087","1309"
"卑弥呼","643","1442","2119","640","1396","2194"
"不沈艦CANDY","601","1014","1682","601","1018","1486"
"まほろば","398","737","1033","445","708","1127"
"山岡晃の「クイズ！家事都合！」","339","700","1035","452","772","1012"
"凛として咲く花の如く","672","1087","1398","659","1094","1443"
"AIR RAID FROM THA UNDAGROUND","592","952","1189","587","944","1225"
"Almagest","519","1146","1629","506","1117","1764"
"Almagest (HCN Ver.)","518","1146","1629","506","1117","1764"
"Bad Maniacs","667","989","1656","573","1074","1606"
"bass 2 bass","366","638","970","472","888","1085"
"beatchic☆仮面～好き、でいさせて～","507","836","1017","524","987","1190"
"BEAUTIFUL ANGEL","321","921","1254","433","954","1444"
"being torn the sky","331","613","998","278","555","864"
"bloomin' feeling","643","980","1313","646","1109","1384"
"Brazilian Fire","412","676","894","414","707","901"
"CaptivAte～裁き～(SUBLIME TECHNO MIX)","523","837","1231","530","847","1151"
"D","770","1004","1313","598","1021","1257"
"DAWN -THE NEXT ENDEAVOUR-","831","1369","1577","871","1393","1615"
"Dazzlin' Darlin-秋葉工房mix-","403","767","1053","474","818","1140"
"DESIRE","477","1004","1446","531","872","1327"
"DOMINION","635","1194","1636","601","1180","1631"
"DROP","435","1115","1337","390","977","1268"
"Elisha","462","754","1152","481","822","1390"
"Empire State Glory","563","928","1329","596","1041","1351"
"eRAseRmOToRpHAntOM","787","1340","1686","788","1281","1798"
"Evans","628","1121","1440","679","1046","1438"
"EXUSIA","628","1417","1964","887","1392","1980"
"G59","906","1210","2000","652","1210","2000"
"GALGALIM","733","1036","1208","708","979","1197"
"GOLDEN CROSS","559","1072","1765","619","970","1529"
"Hydrogen Blueback","520","862","1170","573","877","1165"
"IN THE NAME OF LOVE","381","718","975","371","722","976"
"Keep it-秋葉工房mix-","521","867","942","380","775","1204"
"Last Burning","443","840","1197","434","840","1059"
"Light Shine","415","582","988","559","898","1361"
"MIRACLE MEETS","488","807","1128","471","857","1051"
"mosaic","754","1035","1509","728","845","1348"
"NEW SENSATION -もう、あなたしか見えない-","641","1045","1357","650","1022","1574"
"NoN-Fiction Story!","360","703","1112","471","713","1007"
"Programmed Sun","563","960","1309","371","885","1135"
"quell～the seventh slave～","490","926","1646","638","944","1752"
"Raison d'être～交差する宿命～","614","1184","1389","564","1028","1836"
"Red. by Full Metal Jacket","517","1062","1643","517","1015","1564"
"Roots of my way!","447","683","1025","500","683","1025"
"Session 1 -Genesis-","472","841","1240","638","871","1170"
"She is my wife","358","801","1002","356","795","1020"
"SOLID STATE SQUAD","539","1188","1819","539","1188","1913"
"Sorrows","410","848","1241","466","880","1274"
"Special One","435","618","895","415","625","900"
"THE LAST STRIKER","721","995","1327","707","1016","1342"
"The Story Begins","428","925","1232","729","1117","1480"
"かずあそび","265","600","852","352","689","910"
"コスモス","458","762","1049","471","778","1012"
"サヨナラ・ヘヴン","476","709","855","644","815","957"
"水上の提督(Short mix from ""幻想水滸伝V"")","357","868","1073","357","940","1147"
"たからもの","646","943","1123","636","908","1521"
"バビロニア","422","705","940","412","590","951"
"未来のプリズム","351","701","893","341","698","967"
"ワルツ第17番 ト短調""大犬のワルツ""","669","1214","1684","640","1259","2290"
"Aegis","459","717","1202","444","728","1109"
"ALBIDA","560","1013","1530","568","958","1393"
"Answer","393","748","1224","463","738","1142"
"ANTHEM LANDING","489","987","1484","555","1164","1258"
"Believe In Me","533","962","1213","502","916","1200"
"BLUST OF WIND","427","810","1080","394","784","1113"
"Bounce Bounce Bounce","560","909","1293","507","874","1230"
"Breaking the ground","598","899","1274","556","866","1265"
"Broken","543","1039","1598","551","1096","1420"
"BROKEN EDEN","542","917","1182","560","992","1235"
"Dances with Snow Fairies","743","1165","1623","739","1183","1848"
"DAYDREAMER","598","885","1265","585","822","1304"
"Destiny Sword","455","923","1213","453","829","1254"
"DM STAR～関西 energy style～","562","979","1206","637","1109","1474"
"ELECTRIC MASSIVE DIVER","688","1291","1883","583","1020","1867"
"Energy Drive","448","763","1122","452","835","1230"
"Eternal Tears","222","551","691","266","485","691"
"Everlasting Resort","448","669","959","472","750","1058"
"Fantasia","201","781","1123","309","783","1216"
"Golden Palms","377","758","1036","503","853","1185"
"Golden Palms†","","","1240","","","1264"
"I FIGHT ME","315","718","1068","366","781","1172"
"Kailua","268","708","1125","429","740","1120"
"Kailua (HCN Ver.)","268","708","1125","429","740","1120"
"Let The Track Flow","571","943","1367","534","903","1380"
"Love♡km","282","722","1142","375","724","1150"
"Medicine of love","331","558","866","328","502","857"
"Mermaid girl","500","856","1113","629","1003","1310"
"Never Fade Away","398","907","1535","529","1104","1598"
"PARADISE LOST","726","1217","1718","689","1106","1820"
"passionate fate","589","832","1075","573","840","1295"
"perditus†paradisus","658","1345","2065","665","1341","2109"
"Programmed Life","557","921","1206","551","931","1291"
"Programmed Sun (xac Antarctic Ocean mix)","384","767","1013","344","684","1030"
"reunion","708","1239","1677","822","1243","1893"
"Rock Da House","456","836","1128","453","794","1150"
"SABER WING","282","952","1438","372","928","1549"
"Sakura Reflection","242","815","1190","511","879","1395"
"sakura storm","529","675","1225","550","913","1498"
"Session 9 -Chronicles-","393","1238","1852","512","1184","1731"
"Space Time","317","867","1114","478","896","1359"
"SPECIAL SUMMER CAMPAIGN!","358","833","1509","601","1097","1526"
"Stay my side","325","541","678","301","498","689"
"STELLAR WIND","322","963","1370","523","930","1373"
"Survival Games","433","746","1091","484","829","1195"
"THE BLACK KNIGHT","470","1067","1488","518","1086","1490"
"THE DOOR INTO RAINBOW","409","873","1123","425","923","1289"
"THE FALLEN","468","780","1377","529","925","1235"
"Tropical April","827","1174","1395","636","1071","1388"
"Vermillion","272","598","1045","276","743","1091"
"Watch Out Pt.2","599","1029","1506","616","961","1322"
"WE LOVE SHONAN","404","865","1106","421","734","1180"
"WISE UP!","249","596","803","284","487","792"
"Wuv U","208","672","861","623","804","1089"
"XANADU OF TWO","505","882","1382","551","879","1329"
"ZETA～素数の世界と超越者～","307","1097","1583","557","1307","1847"
"おおきなこえで","230","502","754","235","459","611"
"かげぬい ～ Ver.BENIBOTAN ～","450","718","980","458","729","1076"
"黒髪乱れし修羅となりて","410","1077","1745","557","1234","1750"
"灼熱Beach Side Bunny","564","1025","1719","542","933","1692"
"旅人リラン","579","998","1345","617","1054","1475"
"中華急行","164","770","1167","433","811","1233"
"夕焼け ～Fading Day～","504","1067","1420","488","983","1314"
"24th Century BOY","430","996","1456","507","1049","1398"
"532nm","288","640","1349","352","686","1310"
"A MINSTREL ～ver. short-scape～","341","732","1187","346","771","1231"
"Almace","432","660","1012","431","746","1153"
"ANAGRAMS I to Y","456","849","1245","437","863","1233"
"BLACK.by X-Cross Fade","518","1111","1738","547","1201","1761"
"CALL","185","441","735","271","721","864"
"Castle on the Moon","328","837","1231","329","818","1305"
"Change the World","412","714","931","549","913","1271"
"DIAVOLO","657","974","1745","657","1209","1832"
"Drive Me Crazy","361","704","1157","360","687","1254"
"Express Emotion","385","521","1271","395","654","1248"
"F","532","1099","1813","532","1258","1760"
"fffff","431","1109","1624","611","1297","1703"
"Far east nightbird","264","682","1025","373","738","1126"
"Flip Flap","294","706","1137","293","662","1004"
"Follow Tomorrow","457","754","1142","490","819","1193"
"HAERETICUS","440","1000","1589","458","1004","1535"
"I'm so Happy","211","709","1187","381","768","1205"
"Infinite cave","529","786","1044","724","1137","1525"
"In the Blackest Den","449","831","1372","452","873","1457"
"LAX5 feat.Ryota Yoshinari","540","1082","1427","612","1181","1544"
"LETHEBOLG ～双神威に斬り咲けり～","518","826","1111","512","866","1115"
"Liquid Crystal Girl feat. echo","209","562","1014","229","617","1202"
"LOVE B.B.B","394","772","1019","438","816","1181"
"Lucky Days","333","777","1111","333","777","1111"
"Mermaid girl-秋葉工房 MIX-","415","678","1030","427","704","1029"
"Miami Sunset Drive","324","548","842","331","669","995"
"NNRT","632","1290","1780","654","1389","1957"
"Phoenix","454","617","1258","527","793","1329"
"prompt","482","802","1420","530","1024","1502"
"QUANTUM TELEPORTATION","729","1216","1490","729","1216","1999"
"quaver♪","357","1075","1745","340","1021","1874"
"Quick Silver","404","941","1353","447","878","1438"
"Release The Music","430","740","1081","420","771","1035"
"RESISTANCE","320","679","1198","353","707","1345"
"Round and Round","403","622","1088","435","700","1230"
"SA.YO.NA.RA. SUPER STAR","248","656","868","402","754","1192"
"Scharfrichter","449","822","1472","522","974","1552"
"Several Words","321","729","1098","336","724","1108"
"SHADE","551","1048","1464","609","1100","1372"
"Snake Stick","535","1067","1447","560","1108","1418"
"Snow Goose","188","691","1238","239","1017","1394"
"Star Trail","325","612","942","376","726","1177"
"The Limbo","603","1042","1701","626","1192","1618"
"The Sampling Paradise","438","940","1545","451","1191","1646"
"Thunderbolt","527","975","1911","534","1034","1677"
"TITANS RETURN","318","802","1275","319","798","1265"
"Todestrieb","565","979","1733","541","1079","1960"
"Voxane","312","628","881","315","642","1013"
"WONDER WALKER","496","990","1921","498","1020","1916"
"YAKSHA","634","1215","2000","647","1391","2033"
"yellow head joe","401","778","1152","424","893","1438"
"Yellow Sunrise","383","726","1145","437","878","1493"
"蛇神","368","773","1438","419","922","1473"
"陽炎","317","606","1010","315","602","1079"
"君のハートにロックオン","359","904","1363","367","902","1837"
"恋する☆宇宙戦争っ!!","455","883","1835","455","840","1858"
"子供の落書き帳","471","1018","1395","561","941","1254"
"衰色小町メランコリア","401","711","1192","395","744","1163"
"聖人の塔","489","1076","1567","530","1139","1997"
"天空の夜明け","686","1125","2072","703","1444","2261"
"突撃!ガラスのニーソ姫!","329","592","1066","363","696","1144"
"ビューティフルレシート","259","621","978","311","814","1151"
"ユミル","333","691","1434","505","854","1404"
"Ascalon","569","913","1171","649","1031","1448"
"Beastie Starter","272","661","1121","272","667","1100"
"BLUE STRAGGLER","440","761","1328","442","843","1311"
"BRAVE GLOW","419","875","1261","392","772","1188"
"CONCEPTUAL","417","689","1391","437","708","1412"
"Confiserie","484","1097","1833","509","1097","1938"
"connective","203","564","805","206","569","787"
"Cookie Bouquets","446","1076","1714","655","1119","1814"
"DAY DREAM","295","685","1075","318","644","1018"
"Devilz Staircase","332","1134","1685","361","1017","1614"
"Echo Of Forever","307","597","1020","332","674","1076"
"Elemental Creation","767","1248","2130","828","1268","2222"
"examination leave","585","972","1712","704","1148","1613"
"FLOWER","575","915","1460","605","977","1493"
"Fly you to the star","393","818","1144","410","744","1161"
"GAIA","527","1149","1676","610","1074","1854"
"GRADIUS 2012","465","869","1380","532","817","1459"
"Hollywood Galaxy","567","1039","1392","579","1022","1378"
"Howling","280","695","1066","321","710","1060"
"I know You know","304","602","950","345","628","976"
"ILIAS","406","669","1105","412","846","1286"
"Illegal Function Call","511","942","1398","533","1173","1602"
"In Heaven","386","745","1072","495","754","1107"
"JOMANDA","595","1300","1918","598","1317","1810"
"Liberation","760","1203","1905","738","1290","1744"
"Light and Cyber･･･","532","1039","1579","565","1073","1502"
"Little Star","495","896","1635","498","954","1676"
"LUV CAN SAVE U","295","720","1069","300","699","1416"
"mnemoniq","269","488","658","396","635","799"
"Neonlights","333","815","1127","346","967","1121"
"neu","504","1099","1999","521","999","1999"
"New Decade IIDX Edition","503","1001","1539","533","948","1461"
"New Lights","531","929","1250","686","945","1306"
"Plan 8","600","1147","1690","627","1077","1577"
"planarian","360","854","1279","398","862","1439"
"POINT ZERO","370","663","1068","352","722","1014"
"Präludium","355","732","1164","381","758","1216"
"Proof of the existence","603","1104","1675","595","1104","1524"
"Rainbow after snow","370","744","1090","494","794","1208"
"Re:GENERATION","481","810","1145","481","949","1410"
"rumrum triplets","491","1029","1541","484","1256","1613"
"Saturn","693","1040","1332","711","1091","1470"
"Shining World","632","811","976","568","726","1296"
"SHION","338","656","1359","393","810","1482"
"S!ck","463","808","1373","465","961","1416"
"Sol Cosine Job 2","542","904","1625","550","1294","1596"
"Spinning Around","446","799","1161","448","859","1312"
"STULTI","415","867","1416","494","936","1496"
"SYNC-ANTHEM","481","1279","1865","563","1254","1732"
"Synergy For Angels","466","860","1400","469","850","1496"
"Take My Life","490","817","1487","522","910","1491"
"Thor's Hammer","491","945","1641","516","1015","1670"
"Timepiece phase II","546","1161","1665","522","1180","1571"
"Timepiece phase II (CN Ver.)","501","1008","1546","502","970","1325"
"Time to Empress","467","983","1324","726","1138","1497"
"To my star","302","638","878","296","658","1019"
"True Blue","551","1291","1898","579","1244","1775"
"Valanga","674","1126","1647","644","1142","1807"
"VALLIS-NERIA","623","1076","1507","667","1169","1619"
"VEGA","581","1061","1584","583","1046","1670"
"YELLOW FROG from Steel Chronicle","295","643","963","367","667","1062"
"ZED","474","876","1405","534","818","1479"
"Zirkfied","524","1055","1968","518","1044","1897"
"405nm (Ryu☆mix)","467","898","1301","469","910","1361"
"8bit Princess","327","690","1319","343","621","1355"
"ΕΛΠΙΣ","584","1075","1600","551","1096","1577"
"アストライアの双皿","345","1110","1632","505","1105","1514"
"梅雪夜","445","759","1081","425","771","1108"
"お米の美味しい炊き方、そしてお米を食べることによるその効果。","459","812","1122","517","805","1085"
"朧","395","758","1060","413","759","1082"
"音楽","453","1038","1487","500","949","1369"
"下弦の月","477","755","1000","471","729","984"
"カジノファイヤーことみちゃん","331","737","1271","343","701","1477"
"仮想空間の旅人たち","587","1121","1450","570","1032","1549"
"キャトられ♥恋はモ～モク","751","1359","1988","795","1388","2120"
"狂イ咲ケ焔ノ華","621","1269","1860","656","1316","1894"
"シュレーディンガーの猫","580","1231","1717","614","1198","1685"
"創世ノート","430","988","1512","464","952","1265"
"即席！脳直★ミュージックシステム","529","1032","1838","543","1056","1735"
"たまゆら","600","960","1407","602","1159","1441"
"トリカゴノ鳳凰","586","1057","1932","579","1138","1709"
"†渚の小悪魔ラヴリィ～レイディオ†(IIDX EDIT)","279","858","1835","278","973","2084"
"メイメツ、フラグメンツ","329","661","984","357","588","1059"
"ラキラキ","332","749","1001","343","758","1016"
"龍と少女とデコヒーレンス","427","863","1515","440","893","1387"
"Adularia","540","972","1449","524","946","1382"
"ALBA -黎明-","330","787","1631","398","820","1600"
"Ancient Scapes","602","1073","1780","637","1254","1931"
"Ancient Scapes †LEGGENDARIA","","","2198","","","2285"
"Atröpøs","530","860","1201","498","876","1400"
"BLUE DRAGON(雷龍RemixIIDX)","769","1159","1727","675","1033","1373"
"BRAINSTORM","386","1032","1449","633","1204","1495"
"BRAVE OUT","528","773","1091","520","912","1264"
"Claiomh Solais","173","723","1052","265","843","1175"
"Cleopatrysm","416","753","1326","381","732","1199"
"Close the World feat.a☆ru","578","1075","1739","433","912","1610"
"Close the World feat.a☆ru †LEGGENDARIA","","","1983","","","1851"
"Critical Crystal","565","946","1495","574","975","1429"
"Dark Fall","450","844","1416","604","941","1264"
"DARK LEGACY","675","1077","1828","894","1127","1853"
"Devilz Sacrifice -贖罪の羊-","489","927","1265","497","922","1224"
"diagram","318","660","1461","400","636","1419"
"Elektrick U-Phoria","593","1004","1566","654","1048","1763"
"Element of SPADA","355","686","1047","355","686","1217"
"Engraved Mark","413","700","1222","430","713","1209"
"esrev:eR","395","693","968","565","862","1063"
"EXTREME MACH COLLIDER","527","763","1305","485","852","1007"
"Feel The Beat","689","1129","1830","578","1049","1628"
"Feel The Beat †LEGGENDARIA","","","2225","","","1879"
"Funny shuffle","309","590","1199","308","639","1312"
"HYENA","608","1026","1434","531","943","1433"
"Hypersonik","521","878","1272","544","897","1252"
"Idola","621","1181","1826","655","1237","1873"
"Immortal","483","902","1607","535","993","1592"
"Insane Techniques","378","672","1263","385","812","1251"
"INSOMNIA","407","938","1661","443","991","1722"
"into the battlefield","374","734","1193","420","760","1184"
"invoker","569","1009","1624","579","1242","1659"
"invoker †LEGGENDARIA","","","1851","","","1773"
"I will be back -オレは帰ってきた-","516","1012","1492","544","1086","1512"
"KAISER PHOENIX","679","1194","1693","687","1224","1473"
"KHAMEN BREAK","298","723","1281","304","692","1154"
"LA FESTA LA VITA!!","443","915","1461","469","1069","1445"
"Last Dance","615","1040","1650","614","1137","1678"
"Lighting Shower","418","694","1220","383","686","1288"
"MAD ATTACK","348","683","991","383","719","1136"
"MAGIC & LOVE","517","942","1481","470","765","1628"
"M.D.Injection","301","626","1231","412","691","1259"
"m1dy Deluxe","598","951","1342","627","931","1332"
"Miracle 5ympho X","390","674","1325","446","978","1489"
"NPC World","522","826","1155","496","970","1174"
"Odin","408","721","1039","438","709","1140"
"Overload Frontier","404","954","1336","522","1006","1249"
"Pharaoh","331","727","1242","338","634","794"
"PUNISHER","583","1081","1812","594","1107","1830"
"ra'am","653","1003","1461","722","1067","1500"
"rainbow guitar weeps","492","951","1406","610","998","1683"
"Recollection","597","883","1118","598","880","1104"
"refractive index","374","731","1360","405","761","1415"
"RISE","480","701","951","496","732","1038"
"RIZING YOU UP","537","1080","1295","780","1313","1680"
"SCHWARZSCHILD FIELD","472","840","1232","653","806","1143"
"Sigmund","806","1228","2029","778","1341","2073"
"Sigmund †LEGGENDARIA","","","2267","","","2255"
"Smug Face -どうだ、オレの生き様は-(ONLY ONE EDITION)","576","1025","1334","584","984","1362"
"Squeeze","432","745","1257","478","854","1250"
"THE DETONATOR","836","1284","1636","985","1156","1570"
"Unicorn tail","438","1046","1605","438","1050","1833"
"Valgus","330","685","1206","348","734","1212"
"Verflucht","647","1081","1805","643","1094","1949"
"Verflucht †LEGGENDARIA","","","2401","","","2093"
"VOX UP","754","1473","1870","726","1437","1855"
"Wonder Girl feat. Kanae Asaba","365","647","1414","432","673","1457"
"ÆTHER","514","833","1440","542","839","1385"
"アルストロメリア","495","804","1254","482","852","1296"
"お願いアインシュタイン","457","753","1066","437","736","1041"
"幻想系世界修復少女","318","592","1010","339","664","1166"
"御千手メディテーション","394","788","1170","424","787","1204"
"疾風迅雷","592","1078","1493","556","1154","1670"
"疾風迅雷 †LEGGENDARIA","","","1824","","","1764"
"旋律のドグマ～Misérables～","629","1271","2002","691","1362","1974"
"超!!遠距離らぶ♡メ～ル","292","790","1352","363","879","1450"
"罪と罰","555","711","1096","672","896","1216"
"デッドボヲルdeホームラン","318","846","1417","388","989","1447"
"轟け！恋のビーンボール！！","541","1012","1834","596","1116","1774"
"IX","658","1247","2007","694","1382","2097"
"廿","485","890","1215","485","938","1190"
"バンブーソード・ガール","512","960","1261","502","994","1662"
"牧神笛吹きて","377","721","1044","379","748","1026"
"煉獄のエルフェリア","698","1222","2000","725","1265","1945"
"海神","585","1084","1629","607","1145","1157"
"AFRO KNUCKLE","496","917","1226","446","920","1320"
"Amnolys","442","876","1354","556","909","1254"
"Beat Radiance","505","826","1335","420","716","1354"
"Beat Radiance†","","","1809","","","1887"
"Beyond The Earth","668","1102","1646","748","1214","1494"
"Blaze it UP!","493","964","1501","564","1069","1613"
"BLUE MIRAGE","596","1091","1606","596","1092","1509"
"Broken Sword","658","1054","1887","513","1123","1911"
"Chain of pain","396","789","1130","610","939","1301"
"chrono diver -fragment-","347","590","900","322","633","896"
"chrono diver -fragment-†","","","1134","","","1114"
"CHRONO DIVER -NORNIR-","592","1124","1568","625","1128","1582"
"CHRONO DIVER -NORNIR-†","","","2233","","","2477"
"Chrono Diver -PENDULUMs-","722","1422","2222","722","1422","2222"
"Chronos","443","717","1205","462","914","1356"
"cinder","432","1037","1601","573","1139","1762"
"COLOSSEUM","295","627","1159","353","684","1184"
"Cosmic Cat","476","892","1166","544","815","1147"
"Despair of ELFERIA","642","1248","2096","723","1328","2155"
"Discloze","498","872","1365","497","966","1437"
"EBONY & IVORY","557","890","1520","594","900","1575"
"entelecheia","528","1106","1657","589","1094","1778"
"Erosion Mark","407","788","1096","433","798","1186"
"fallen leaves -IIDX edition-","603","1085","1745","629","967","1832"
"FANTASTIC THREE","698","1166","1649","682","1125","1794"
"Flashes","489","931","1691","596","1009","2090"
"Gravigazer","495","966","1533","511","912","1524"
"GUILTY","509","798","966","521","837","1087"
"HELL SCAPER -Last Escape Remix-","494","911","1458","741","1177","1459"
"Hello Happiness","461","871","1198","421","715","1134"
"Hollywood Galaxy(DJ NAGAI Remix)","585","1234","1778","607","1254","1694"
"illuminate","316","817","1172","297","832","1250"
"IMPLANTATION","335","885","1163","502","807","1153"
"In The Breeze","336","601","896","416","630","996"
"Invitation from Mr.C","594","810","1405","637","833","1399"
"IXION","569","913","1086","621","911","1187"
"Light My Fire","390","682","1060","444","686","1007"
"Line 4 Ruin","363","913","1402","612","827","1286"
"Ludus In Tenebris","492","1118","1809","509","1086","1797"
"m1dy Festival","509","853","1289","531","838","1194"
"Monopole.","403","867","1729","433","982","1362"
"NEO GENERATOR SEVEN","469","974","1690","630","1129","1524"
"Night sky","599","972","1491","600","968","1672"
"No Tears","609","1082","1286","639","1028","1216"
"On My Wings(Hardstyle IIDX)","463","644","999","459","663","1073"
"PENDUAL TALISMAN","524","820","1314","446","992","1340"
"Rave*it!! Rave*it!!","517","863","1656","497","824","1433"
"Rave Saves You feat. Cardz (Exclusive IIDX Mix)","392","778","1170","403","774","1084"
"Realize Maze","642","1054","1503","677","1152","1539"
"Reflux","402","822","1574","467","912","1693"
"Sakura Mirage","520","710","1190","520","731","1156"
"SAMSARA","432","731","1031","408","786","1087"
"Say YEEEAHH","610","952","1677","645","1219","1723"
"Scarlet Moon","542","998","1389","555","989","1438"
"Scars of FAUNA","435","871","1475","436","816","1424"
"Shooting Fireball","486","1181","1983","508","1148","1842"
"Sometimes feat. Kanae Asaba","449","843","1281","551","782","1294"
"Sounds Of Summer","640","1080","1513","617","1006","1599"
"SpaceLand☆TOYBOX","552","900","1501","585","951","1528"
"subtractive","458","695","1059","409","721","1052"
"Sweet Radar","338","689","1020","345","586","1000"
"Symmetry","586","1082","1659","535","1118","1681"
"TA・DA☆YO・SHI","579","849","1180","544","858","1145"
"The Least 100sec","414","762","1505","496","774","1369"
"TIEFSEE","653","1096","1752","630","1099","1767"
"TOXIC VIBRATION","831","1248","1933","872","1376","2134"
"Vulkan","527","1030","1518","582","1120","1618"
"We're so Happy (P*Light Remix) IIDX ver.","600","1187","1896","598","1197","1716"
"ZZ","667","1042","1541","665","1019","1647"
"妖隠し -あやかしかくし-","489","803","1103","535","822","1380"
"十六夜セツナ","521","823","1132","662","917","1235"
"鬼天","519","889","1265","576","960","1467"
"共鳴遊戯の華","669","1296","2000","654","1395","2054"
"恋は白帯、サンシロー","377","664","1021","409","635","955"
"恋は白帯、サンシロー†","","","1395","","","1494"
"時空トラベローグ","571","983","1395","546","975","1313"
"白露の風","240","639","1018","223","555","951"
"少年は空を辿る","644","1081","1729","644","1092","1908"
"千年ノ理","602","1008","1608","680","931","1774"
"全力 SPECIAL VACATION!! ～限りある休日～","570","846","1142","577","849","1351"
"それは花火のような恋","649","1321","1976","664","1261","1930"
"打打打打打打打打打打","419","701","1342","479","770","1301"
"超青少年ノ為ノ超多幸ナ超古典的超舞曲","531","1028","1350","529","973","1651"
"超青少年ノ為ノ超多幸ナ超古典的超舞曲†","","","2110","","","2257"
"デンドロビウム","381","867","1205","423","860","1201"
"ドッキン☆サマーあばんちゅーる","531","907","1447","517","975","1452"
"取り残された美術(Arranged:HiZuMi)","495","882","1111","393","745","1158"
"とろぴかる倶楽部","432","755","1154","559","890","1149"
"夏色DIARY - L.E.D.-G STYLE MIX -","505","1031","1590","495","1135","1377"
"パ→ピ→プ→Yeah!","527","814","1280","503","923","1348"
"表裏一体！？怪盗いいんちょの悩み♥","580","1127","1815","716","1322","2122"
"フェイクアウト","443","766","1040","404","774","1126"
"ぷろぐれっしぶ時空少女！うらしまたろ子ちゃん！","453","756","1285","386","728","1243"
"ベィスドロップ・フリークス","323","651","1143","424","626","1220"
"紅牡丹","544","929","1445","599","930","1291"
"もっと！モット！ときめき feat. 松下","707","1061","1424","573","945","1266"
"リリーゼと炎龍レーヴァテイン","504","1186","1771","566","1264","1848"
"#The_Relentless","611","1028","1479","592","929","1626"
"Ｘ↑Ｘ↓","477","907","1485","559","1035","1658"
"Acid Pumper","348","812","1267","392","850","1221"
"Angelic Jelly","579","1058","1419","592","1019","1447"
"AO-1","643","999","1443","671","1087","1456"
"Arcana","613","893","1150","605","913","1172"
"Aublia","495","785","1299","513","836","1262"
"Battle Train -IIDX Edition-","454","1302","1687","714","1218","1949"
"Blue Spring Express","664","1087","1728","585","1013","1602"
"Central Station","527","803","1223","467","806","1285"
"chaos eater -IIDX edition-","604","887","1328","683","905","1442"
"CODE:1 [revision1.0.1]","497","887","1590","476","887","1685"
"Daily Lunch Special","549","1098","1494","554","1102","1622"
"Damage Per Second","447","718","1024","415","705","1056"
"Derelict Star feat. Ryu*","709","977","1336","622","1014","1378"
"Devil's Gear","548","1152","1793","573","1163","1782"
"DIAMOND CROSSING","509","917","1585","688","979","1681"
"do the thing feat. Kanae Asaba","321","777","1171","323","741","1251"
"Donkey Donk","611","892","1150","560","976","1154"
"Dreamin Train","299","562","1186","299","543","1183"
"Dynamite","610","1246","1953","775","1194","2084"
"Everlasting Last","427","836","1124","555","809","1237"
"Exchange Place","388","646","903","408","629","907"
"GENERATE feat.綾倉盟","573","892","1182","566","941","1234"
"GET READY!!","543","840","1365","552","818","1510"
"Glitch Nerds","528","734","1149","518","956","1334"
"Go Faraway","520","766","1259","571","931","1363"
"GOBBLE","252","369","866","369","917","917"
"Godspeed","545","1002","1631","701","1112","1707"
"Grand Chariot","588","989","1775","620","1035","1866"
"Highcharge Divolt","456","889","1421","527","863","1431"
"Inner Spirit","446","985","1458","473","989","1550"
"Journey","351","639","950","353","728","1010"
"Konzert V","653","1181","1710","669","1132","1559"
"La dolce primavera","360","707","1098","367","753","1291"
"m1dy Dynamic","540","724","1179","492","940","1183"
"M4K3 1T B0UNC3","713","1082","1546","675","1062","1521"
"Musik LoverZ","539","722","1268","538","709","1155"
"NANAIRO","536","935","1308","485","1000","1271"
"Nightmare before oversleep","605","988","1500","665","975","1580"
"NINJA IS DEAD IIDX ver.","627","989","1520","622","954","1500"
"NO LIMIT -オレ達に限界は無い-","420","631","1148","393","623","1017"
"Nowhere","441","759","1100","488","818","1182"
"NZM","547","831","1783","550","1065","1782"
"On the FM","573","821","1419","627","814","1249"
"Outbreak","675","933","1523","658","914","1548"
"OUTER LIMITS ALTERNATIVE","600","885","1363","569","863","1431"
"POSSESSION","701","1105","1521","708","1167","1711"
"quick master (reform version)","80","178","264","128","225","312"
"refrain","622","1208","1857","633","1094","1856"
"Ride To The Core","576","908","1309","543","855","1388"
"Rock It","590","859","1500","569","931","1556"
"Routing","482","860","1323","575","918","1285"
"SEITEN NO TERIYAKI","374","661","1163","375","624","1128"
"Sephirot","485","848","1193","483","842","1161"
"Set U Free feat. Kanae Asaba","478","812","1290","476","802","1433"
"SHELTER OF THE MIND","722","1020","1538","645","1037","1484"
"STARLiGHT","482","944","1413","535","954","1481"
"STARLIGHT DANCEHALL","648","939","1342","705","1007","1435"
"StrayedCatz","557","1052","1490","515","831","1376"
"Super Duper Racers","480","821","1199","499","830","1200"
"SURVIVOR","363","658","1014","494","703","1135"
"To The Paradise","342","781","1095","327","744","1106"
"Tori-no-kimochi","133","662","1030","310","730","1030"
"Transport","522","771","1091","481","776","1049"
"Triple Counter","716","1145","2016","711","1193","1997"
"Uh-Oh","568","891","1228","580","808","1182"
"Violet Pulse","216","883","1252","212","923","1327"
"Violet Rose","642","1038","1333","654","1071","1384"
"Wheel of Journey","306","695","1072","306","691","1062"
"X","811","1277","1952","802","1377","2086"
"ZEPHYRANTHES","514","943","1499","510","983","1599"
"199024club -Re:BounceKiller-","360","873","1260","370","853","1210"
"朝焼けから始まるボクらの小さな旅","490","882","1298","478","858","1369"
"紫陽花 -AZISAI-","655","1094","1490","675","1118","1496"
"麗 ～うらら～","577","903","1329","603","1006","1363"
"駅猫のワルツ","601","1174","1558","515","1147","1635"
"オルタネイトβ","424","725","1137","388","701","1331"
"か・し・ま・し☆PUMP UP！","607","966","1453","607","941","1501"
"ギョギョっと人魚♨爆婚ブライダル","418","743","1209","428","805","1164"
"炸裂！イェーガー電光チョップ！！(JAEGER FINAL ATTACK)","702","1077","1312","774","1216","1701"
"灼熱 Pt.2 Long Train Running","675","1093","1804","664","1031","1732"
"シュッパツシンコウ・シサカンコ","568","904","1234","558","878","1365"
"少女アリスと箱庭幻想コンチェルト","390","761","1095","440","819","1259"
"真 地獄超特急 -HELL or HELL-","737","1123","1727","769","1175","1773"
"セロトニン","677","947","1194","676","948","1231"
"太陽SUNSUNボンジュールアバンチュール","523","899","1402","514","975","1247"
"追想快晴テーマパーク","615","1077","1589","638","1110","1573"
"星屑ディスタンシア","353","619","1073","347","624","1000"
"明鏡止水","438","976","1443","416","862","1346"
"めいさいアイドル☆あいむちゃん♪","777","1202","1717","696","1248","1837"
"量子の海のリントヴルム","468","919","1508","469","940","1407"
"Affection","305","610","1054","304","634","1163"
"Amazing Mirage","458","894","1343","459","931","1413"
"AsiaN distractive","606","911","1337","617","922","1385"
"Be A Star","487","925","1413","518","897","1334"
"Believe in you","604","955","1226","","924","1251"
"Beyond The Seven","373","671","1375","472","733","1387"
"BREAK OVER","462","785","1210","","712","1193"
"DISAPPEAR feat. koyomin","372","954","1497","374","935",""
"elemental bender feat. Kanae Asaba","326","606","826","319","609","846"
"Magical","410","601","1011","410","635","1028"
"Modular Technology","638","1006","1372","","973","1365"
"Music is The Answer","403","726","977","402","766","1062"
"OOO","349","737","1034","373","714","1044"
"OTENAMI Hurricane","670","1135","1643","","1133","1746"
"PAPAYAPA BASS","397","788","1428","485","802","1362"
"Remedy feat. Kanae Asaba","468","835","1116","457","809","1163"
"ROTTERDAM SHOGUN","574","930","1299","562","919","1411"
"Sarutobi Champion is 拙者","503","809","1153","525","817","1425"
"SAY BAY","429","771","1455","480","796",""
"Seaside Labyrinth","332","667","953","330","620","972"
"Seize the Day","389","696","1100","393","940","1225"
"Selfish Sweet","327","493","877","","496","905"
"shuriken","396","573","1298","387","660","1321"
"SINOBUZ Fantasy","522","867","1228","","904","1206"
"Summer","332","715","1013","332","714","1104"
"Super Rush","523","953","1791","","1007","1718"
"Sweet Clapper","285","623","959","","637","971"
"The Commanders","486","764","1227","","803","1282"
"(This Is Not) The Angels","309","739","1364","","776","1304"
"TOGAKUSHI","526","987","1343","493","920","1333"
"Umbral","311","720","966","314","675","1032"
"XINOBIKILL","506","910","1475","","1074",""
"ちらちら・はらはら","207","475","715","203","483","742"
"冬椿 ft. Kanae Asaba","482","633","1146","474","621","1114"
"焱影","366","723","1437","440","780","1356"
"次葉 -turn the page-","427","716","1003","","693","1073"
"鴉","763","1136","1356","741","1130","1346"
"#MAGiCVLGiRL_TRVP_B3VTZ","588","991","1753","","956","1500"
"お命ちょうDAI！901娘","490","810","1177","452","812","1264"
"忍恋花","515","867","1141","508","856","1330"
"獅子霞麗ノ舞","252","550","873","250","526","938"
"¡Viva!","487","825","1014","444","838","1206"
"Breakin' Chain","362","669","1169","","811","1241"
"HADES","500","950","1601","","964","1564"
"禍根","411","704","1336","","753","1219"
"九尾狐夜行","438","912","1521","","948","1530"
"焔極OVERKILL","598","1118","1901","","1252","1984"
"ミッドナイト堕天使","500","827","1398","548","895","1552"
"SWEET LAB","280","496","692","","674","719"
"Around The Galaxy","570","1083","1714","776","1364","1940"
"Damage Per Second†","","","1153","","","1238"
"SOLID STATE SQUAD†","","","1868","","","2033"
"朧†","","","1280","","","1257"
"仮想空間の旅人たち†","","","1943","","","1817"
"Rave Cannon","538","946","1700","546","975","1597"
"Yellow Sketch(RX-Ver.S.P.L.)","389","943","1479","","","1545"
"Steel Edge","466","759","1604","","938","1392"
"SAMURAI-Scramble","511","865","1232","","957","1299"
"BabeL ～Grand Story～","662","1097","1432","652","1079","1517"
"SCREAM THE LIFE FEAT.KYONO","445","822","1192","","","1153"
"津軽雪","784","1137","1953","","1165","2101"
